event_id,mag,depth,tsunami,maxmmi,economic_loss,population_mmi_5,economic_exposure_mmi_5,population_mmi_6,economic_exposure_mmi_6,population_mmi_7,economic_exposure_mmi_7,population_mmi_8,economic_exposure_mmi_8,population_mmi_9,economic_exposure_mmi_9,population_mmi_10,economic_exposure_mmi_10,has_economic_loss
us7000q9fs,5.4,10.0,0,3,0,0,0.0,0,0.0,0,0.0,0,0.0,0,0.0,0,0.0,0
us7000q9f3,5.3,10.0,0,6,68378,41438,810631528.2578735,15206,297467614.71811444,0,0.0,0,0.0,0,0.0,0,0.0,1
us7000q9b5,6.6,10.0,1,0,0,0,0.0,0,0.0,0,0.0,0,0.0,0,0.0,0,0.0,0
us7000q99p,5.5,229.0,0,3,0,0,0.0,0,0.0,0,0.0,0,0.0,0,0.0,0,0.0,0
us7000q97d,6.0,99.7,0,5,0,647283,36824642020.90596,0,0.0,0,0.0,0,0.0,0,0.0,0,0.0,0
us7000q8tw,6.2,10.0,0,0,0,0,0.0,0,0.0,0,0.0,0,0.0,0,0.0,0,0.0,0
us7000q8l7,5.4,10.0,0,4,0,0,0.0,0,0.0,0,0.0,0,0.0,0,0.0,0,0.0,0
pr2025175000,5.7,21.2,0,4,0,0,0.0,0,0.0,0,0.0,0,0.0,0,0.0,0,0.0,0
us7000q8be,5.5,39.9,0,4,0,0,0.0,0,0.0,0,0.0,0,0.0,0,0.0,0,0.0,0
us7000q8bd,6.2,10.0,0,0,0,0,0.0,0,0.0,0,0.0,0,0.0,0,0.0,0,0.0,0
us7000q89a,5.4,146.4,0,4,0,0,0.0,0,0.0,0,0.0,0,0.0,0,0.0,0,0.0,0
us6000qlnz,6.0,18.0,0,4,0,0,0.0,0,0.0,0,0.0,0,0.0,0,0.0,0,0.0,0
us6000ql8u,5.5,37.0,0,4,0,0,0.0,0,0.0,0,0.0,0,0.0,0,0.0,0,0.0,0
us6000ql4i,5.9,20.0,0,4,0,0,0.0,0,0.0,0,0.0,0,0.0,0,0.0,0,0.0,0
us6000ql15,5.4,10.0,0,2,0,0,0.0,0,0.0,0,0.0,0,0.0,0,0.0,0,0.0,0
us6000ql02,5.4,79.5,0,4,0,2,136052.02458664513,0,0.0,0,0.0,0,0.0,0,0.0,0,0.0,0
us6000qkzh,5.8,9.0,0,4,0,0,0.0,0,0.0,0,0.0,0,0.0,0,0.0,0,0.0,0
us6000qkg7,5.6,40.0,0,6,1143778,8311751,1035003397158.299,435523,54232590045.17506,0,0.0,0,0.0,0,0.0,0,0.0,1
us6000qka3,5.4,10.0,0,0,0,0,0.0,0,0.0,0,0.0,0,0.0,0,0.0,0,0.0,0
us6000qk90,5.6,10.0,0,0,0,0,0.0,0,0.0,0,0.0,0,0.0,0,0.0,0,0.0,0
us6000qk7h,5.7,10.0,0,0,0,0,0.0,0,0.0,0,0.0,0,0.0,0,0.0,0,0.0,0
us6000qk4v,6.0,35.0,0,0,0,0,0.0,0,0.0,0,0.0,0,0.0,0,0.0,0,0.0,0
us6000qjrq,5.5,10.0,0,0,0,0,0.0,0,0.0,0,0.0,0,0.0,0,0.0,0,0.0,0
us6000qjr3,5.7,10.0,0,0,0,0,0.0,0,0.0,0,0.0,0,0.0,0,0.0,0,0.0,0
us6000qjj5,5.9,40.0,0,5,0,103310,19672740631.600002,0,0.0,0,0.0,0,0.0,0,0.0,0,0.0,0
us6000qja6,5.6,10.0,0,0,0,0,0.0,0,0.0,0,0.0,0,0.0,0,0.0,0,0.0,0
us6000qj9w,5.4,15.2,0,0,0,0,0.0,0,0.0,0,0.0,0,0.0,0,0.0,0,0.0,0
us6000qj0l,5.5,10.0,0,0,0,0,0.0,0,0.0,0,0.0,0,0.0,0,0.0,0,0.0,0
us6000qj0h,5.9,9.0,0,0,0,0,0.0,0,0.0,0,0.0,0,0.0,0,0.0,0,0.0,0
us6000qixr,6.3,9.0,0,8,18604051,8483985,1266414375470.3005,253298,37810089065.20653,12277,1832602166.0397656,1916,286003563.5849304,0,0.0,0,0.0,1
us6000qisj,6.2,10.0,0,0,0,0,0.0,0,0.0,0,0.0,0,0.0,0,0.0,0,0.0,0
us6000qiq1,5.3,10.0,0,5,269,1221,539921549.5331593,394,174225299.35795638,0,0.0,0,0.0,0,0.0,0,0.0,1
us6000qipm,5.5,10.0,0,0,0,0,0.0,0,0.0,0,0.0,0,0.0,0,0.0,0,0.0,0
us6000qinr,5.5,10.0,0,0,0,0,0.0,0,0.0,0,0.0,0,0.0,0,0.0,0,0.0,0
us6000qiig,5.9,359.0,0,0,0,0,0.0,0,0.0,0,0.0,0,0.0,0,0.0,0,0.0,0
us6000qigd,6.4,75.0,1,7,4824051,21560,4992051706.6831875,147862,34236305633.28337,42425,9823181523.934795,0,0.0,0,0.0,0,0.0,1
us6000qi0w,5.6,10.0,0,0,0,0,0.0,0,0.0,0,0.0,0,0.0,0,0.0,0,0.0,0
us6000qhiq,5.8,72.0,0,5,2,171579,39919591798.67432,0,0.0,0,0.0,0,0.0,0,0.0,0,0.0,1
us6000qhaf,5.8,27.0,0,4,0,0,0.0,0,0.0,0,0.0,0,0.0,0,0.0,0,0.0,0
us6000qh5j,6.3,10.0,0,0,0,0,0.0,0,0.0,0,0.0,0,0.0,0,0.0,0,0.0,0
us6000qh59,6.0,10.0,0,0,0,0,0.0,0,0.0,0,0.0,0,0.0,0,0.0,0,0.0,0
us6000qh35,6.1,10.0,0,0,0,0,0.0,0,0.0,0,0.0,0,0.0,0,0.0,0,0.0,0
us6000qh1r,6.0,21.0,0,4,0,0,0.0,0,0.0,0,0.0,0,0.0,0,0.0,0,0.0,0
us6000qgts,6.2,10.0,0,0,0,0,0.0,0,0.0,0,0.0,0,0.0,0,0.0,0,0.0,0
us6000qgsb,5.4,66.3,0,4,0,0,0.0,0,0.0,0,0.0,0,0.0,0,0.0,0,0.0,0
us6000qgeq,5.8,28.0,0,5,0,2668,917647687.88,0,0.0,0,0.0,0,0.0,0,0.0,0,0.0,0
us6000qgdb,5.4,10.0,0,0,0,0,0.0,0,0.0,0,0.0,0,0.0,0,0.0,0,0.0,0
us6000qgd9,5.9,190.0,0,3,0,0,0.0,0,0.0,0,0.0,0,0.0,0,0.0,0,0.0,0
us6000qgb5,5.8,10.0,0,0,0,0,0.0,0,0.0,0,0.0,0,0.0,0,0.0,0,0.0,0
us6000qga6,5.8,10.0,0,0,0,0,0.0,0,0.0,0,0.0,0,0.0,0,0.0,0,0.0,0
us7000q1ni,5.4,10.0,0,0,0,0,0.0,0,0.0,0,0.0,0,0.0,0,0.0,0,0.0,0
us7000q1h3,5.7,105.0,0,4,0,2,463084.57390382065,0,0.0,0,0.0,0,0.0,0,0.0,0,0.0,0
us7000q1e7,6.0,48.0,0,3,0,0,0.0,0,0.0,0,0.0,0,0.0,0,0.0,0,0.0,0
us7000q14k,6.1,10.0,0,0,0,0,0.0,0,0.0,0,0.0,0,0.0,0,0.0,0,0.0,0
us7000q0yk,5.4,48.0,0,4,0,0,0.0,0,0.0,0,0.0,0,0.0,0,0.0,0,0.0,0
us7000q0w7,5.7,47.0,0,6,1380,523995,31567825920.662685,200957,12106557492.988693,0,0.0,0,0.0,0,0.0,0,0.0,1
us7000q0re,5.7,10.0,0,0,0,0,0.0,0,0.0,0,0.0,0,0.0,0,0.0,0,0.0,0
us7000q0pq,6.2,64.0,0,7,39154855,91956,40662592963.858475,100099,44263396549.31999,98867,43718610841.68294,0,0.0,0,0.0,0,0.0,1
us7000q0gl,5.2,10.0,0,0,0,0,0.0,0,0.0,0,0.0,0,0.0,0,0.0,0,0.0,0
us7000q0bm,6.5,16.8,1,7,151052,365559,17713125332.653244,106177,5144796075.175618,24138,1169604412.0910277,145,7025960.7156019155,0,0.0,0,0.0,1
us7000q09z,5.6,10.0,0,0,0,0,0.0,0,0.0,0,0.0,0,0.0,0,0.0,0,0.0,0
us7000q053,5.4,10.0,0,0,0,0,0.0,0,0.0,0,0.0,0,0.0,0,0.0,0,0.0,0
us7000pztw,6.0,101.0,0,5,78,12289,1530262004.6820862,0,0.0,0,0.0,0,0.0,0,0.0,0,0.0,1
us7000pzcp,5.5,10.0,0,0,0,0,0.0,0,0.0,0,0.0,0,0.0,0,0.0,0,0.0,0
us7000pzaa,5.9,476.6,0,2,0,0,0.0,0,0.0,0,0.0,0,0.0,0,0.0,0,0.0,0
us7000pz41,6.4,260.0,0,3,0,0,0.0,0,0.0,0,0.0,0,0.0,0,0.0,0,0.0,0
us7000pz2p,6.0,74.0,0,6,2418,5900,2608957528.4567075,3542,1566258909.4565523,0,0.0,0,0.0,0,0.0,0,0.0,1
us7000pz23,5.9,10.0,0,3,0,0,0.0,0,0.0,0,0.0,0,0.0,0,0.0,0,0.0,0
us7000pyzs,5.6,445.2,0,0,0,0,0.0,0,0.0,0,0.0,0,0.0,0,0.0,0,0.0,0
us7000pyqf,5.4,10.0,0,4,0,0,0.0,0,0.0,0,0.0,0,0.0,0,0.0,0,0.0,0
us7000pyq7,5.6,9.0,0,6,36129754,10034,745966767.1974424,20951,1557579204.659519,921,68470738.74714415,0,0.0,0,0.0,0,0.0,1
us7000pyn1,5.9,60.0,0,6,213,35303,2374136105.4665318,56729,3815040283.460637,0,0.0,0,0.0,0,0.0,0,0.0,1
us7000pyjn,5.8,73.0,0,5,0,6654,400867019.1053149,0,0.0,0,0.0,0,0.0,0,0.0,0,0.0,0
us7000py39,5.7,10.0,0,0,0,0,0.0,0,0.0,0,0.0,0,0.0,0,0.0,0,0.0,0
us7000pxx7,5.4,45.0,0,4,0,0,0.0,0,0.0,0,0.0,0,0.0,0,0.0,0,0.0,0
us7000pxwq,5.4,10.0,0,0,0,0,0.0,0,0.0,0,0.0,0,0.0,0,0.0,0,0.0,0
us7000pxjh,5.7,10.0,0,0,0,0,0.0,0,0.0,0,0.0,0,0.0,0,0.0,0,0.0,0
us7000pxj7,5.5,102.0,0,4,0,0,0.0,0,0.0,0,0.0,0,0.0,0,0.0,0,0.0,0
us7000px8h,5.6,27.0,0,4,0,659,125489653.24000001,0,0.0,0,0.0,0,0.0,0,0.0,0,0.0,0
us7000px7i,5.8,261.0,0,3,0,0,0.0,0,0.0,0,0.0,0,0.0,0,0.0,0,0.0,0
us7000px6v,6.0,10.0,0,0,0,0,0.0,0,0.0,0,0.0,0,0.0,0,0.0,0,0.0,0
tx2025iqwk,5.2,8.0,0,4,4,9,7096551.6996431155,4,3154022.9776191628,0,0.0,0,0.0,0,0.0,0,0.0,1
us7000pwvy,5.9,92.0,0,4,0,0,0.0,0,0.0,0,0.0,0,0.0,0,0.0,0,0.0,0
us7000pwu9,5.4,35.0,0,5,0,29054,1618159035.7954025,100,6024451.744895025,0,0.0,0,0.0,0,0.0,0,0.0,0
us7000pwrl,5.3,10.0,0,0,0,0,0.0,0,0.0,0,0.0,0,0.0,0,0.0,0,0.0,0
us7000pwpu,6.4,8.0,1,0,0,0,0.0,0,0.0,0,0.0,0,0.0,0,0.0,0,0.0,0
us7000pwl6,5.4,10.0,0,0,0,0,0.0,0,0.0,0,0.0,0,0.0,0,0.0,0,0.0,0
us7000pwl0,5.6,10.0,0,0,0,0,0.0,0,0.0,0,0.0,0,0.0,0,0.0,0,0.0,0
us7000pwkz,5.7,10.0,0,0,0,0,0.0,0,0.0,0,0.0,0,0.0,0,0.0,0,0.0,0
us7000pwl1,5.4,10.0,0,0,0,0,0.0,0,0.0,0,0.0,0,0.0,0,0.0,0,0.0,0
us7000pwt4,5.5,10.0,0,0,0,0,0.0,0,0.0,0,0.0,0,0.0,0,0.0,0,0.0,0
us7000pwkn,7.4,10.0,1,5,0,72646,16442596112.051746,0,0.0,0,0.0,0,0.0,0,0.0,0,0.0,0
us7000pwjw,5.8,43.0,0,4,0,0,0.0,0,0.0,0,0.0,0,0.0,0,0.0,0,0.0,0
us7000pwdl,5.4,11.0,0,6,216,3891,880391831.7679576,1792,405464446.8075507,0,0.0,0,0.0,0,0.0,0,0.0,1
us7000pw2m,5.4,74.5,0,4,0,0,0.0,0,0.0,0,0.0,0,0.0,0,0.0,0,0.0,0
us7000pvtr,6.8,19.0,1,0,0,0,0.0,0,0.0,0,0.0,0,0.0,0,0.0,0,0.0,0
us7000pvta,5.4,10.0,0,0,0,0,0.0,0,0.0,0,0.0,0,0.0,0,0.0,0,0.0,0
us7000pvt7,6.2,10.6,0,0,0,0,0.0,0,0.0,0,0.0,0,0.0,0,0.0,0,0.0,0
us7000pvqh,5.4,35.0,0,4,0,227,10999262.637528516,0,0.0,0,0.0,0,0.0,0,0.0,0,0.0,0
us7000pvfd,5.6,18.0,0,4,0,24,1365293.5418411274,0,0.0,0,0.0,0,0.0,0,0.0,0,0.0,0
us7000pvfb,5.5,20.0,0,4,0,101,5745610.321914745,0,0.0,0,0.0,0,0.0,0,0.0,0,0.0,0
us7000pvd8,5.9,10.0,0,0,0,0,0.0,0,0.0,0,0.0,0,0.0,0,0.0,0,0.0,0
us7000pv06,6.3,18.0,0,7,3368425,238041,39285831491.418365,72555,12003812441.356373,217470,35979175682.19655,0,0.0,0,0.0,0,0.0,1
us7000pux2,5.7,10.0,0,0,0,0,0.0,0,0.0,0,0.0,0,0.0,0,0.0,0,0.0,0
us7000pufs,6.2,7.2,0,8,484277066,6928758,869346272810.4934,3289995,412793301601.11804,789073,99004420637.20432,59911,7516989993.062172,0,0.0,0,0.0,1
us7000pua3,5.7,197.0,0,3,0,0,0.0,0,0.0,0,0.0,0,0.0,0,0.0,0,0.0,0
us7000pu7q,5.7,223.1,0,3,0,0,0.0,0,0.0,0,0.0,0,0.0,0,0.0,0,0.0,0
us7000pu62,6.2,104.0,0,4,0,0,0.0,0,0.0,0,0.0,0,0.0,0,0.0,0,0.0,0
us7000pu5z,5.6,63.4,0,4,0,0,0.0,0,0.0,0,0.0,0,0.0,0,0.0,0,0.0,0
us6000q7ex,5.4,10.0,0,5,0,1716,103379591.94239862,0,0.0,0,0.0,0,0.0,0,0.0,0,0.0,0
us6000q78n,5.5,36.9,0,3,0,0,0.0,0,0.0,0,0.0,0,0.0,0,0.0,0,0.0,0
us6000q78l,5.9,12.0,0,5,0,400713,22795452959.657654,0,0.0,0,0.0,0,0.0,0,0.0,0,0.0,0
us6000q787,5.6,10.0,0,0,0,0,0.0,0,0.0,0,0.0,0,0.0,0,0.0,0,0.0,0
us6000q76g,5.7,98.0,0,3,0,0,0.0,0,0.0,0,0.0,0,0.0,0,0.0,0,0.0,0
us6000q72m,5.4,10.0,0,3,0,0,0.0,0,0.0,0,0.0,0,0.0,0,0.0,0,0.0,0
us6000q6xh,5.6,137.0,0,4,0,0,0.0,0,0.0,0,0.0,0,0.0,0,0.0,0,0.0,0
us7000pwmg,5.4,10.0,0,0,0,0,0.0,0,0.0,0,0.0,0,0.0,0,0.0,0,0.0,0
us6000q6n2,5.5,21.7,0,4,0,0,0.0,0,0.0,0,0.0,0,0.0,0,0.0,0,0.0,0
us6000q6kn,5.4,83.4,0,0,0,0,0.0,0,0.0,0,0.0,0,0.0,0,0.0,0,0.0,0
us6000q6fi,5.5,10.0,0,0,0,0,0.0,0,0.0,0,0.0,0,0.0,0,0.0,0,0.0,0
us6000q6cs,6.6,10.0,0,0,0,0,0.0,0,0.0,0,0.0,0,0.0,0,0.0,0,0.0,0
us6000q6c3,5.6,99.0,0,3,0,0,0.0,0,0.0,0,0.0,0,0.0,0,0.0,0,0.0,0
us6000q6br,5.6,10.0,0,4,0,0,0.0,0,0.0,0,0.0,0,0.0,0,0.0,0,0.0,0
ci40925991,5.2,10.0,1,6,9544,279138,213776059778.30707,8701,6860788482.066083,0,0.0,0,0.0,0,0.0,0,0.0,1
us6000q5tp,6.5,271.0,1,0,0,0,0.0,0,0.0,0,0.0,0,0.0,0,0.0,0,0.0,0
us6000q5re,5.9,369.0,0,0,0,0,0.0,0,0.0,0,0.0,0,0.0,0,0.0,0,0.0,0
us6000q5q8,5.8,8.0,0,7,3965198,88953,1547308067.046329,70731,1230342393.0643587,14974,260467786.3135783,34,591418.7748538576,0,0.0,0,0.0,1
us6000q5q0,5.5,64.2,0,4,0,37,1792831.355015661,0,0.0,0,0.0,0,0.0,0,0.0,0,0.0,0
us6000q5ps,5.5,7.7,0,8,200903241,3348452,62726237952.84678,476146,8919598458.122196,155171,2906803821.4020057,86357,1617717599.3246996,0,0.0,0,0.0,1
us6000q5ka,6.1,52.0,0,4,0,198,9594070.494408133,0,0.0,0,0.0,0,0.0,0,0.0,0,0.0,0
us6000q52k,5.5,35.0,0,6,10,37019,2230191791.442689,1493,89945064.55128272,0,0.0,0,0.0,0,0.0,0,0.0,1
us6000q526,5.4,10.0,0,0,0,0,0.0,0,0.0,0,0.0,0,0.0,0,0.0,0,0.0,0
us6000q519,5.4,10.0,0,4,0,0,0.0,0,0.0,0,0.0,0,0.0,0,0.0,0,0.0,0
us6000q4vv,5.4,10.0,0,0,0,0,0.0,0,0.0,0,0.0,0,0.0,0,0.0,0,0.0,0
us6000q4rh,5.4,124.4,0,3,0,0,0.0,0,0.0,0,0.0,0,0.0,0,0.0,0,0.0,0
us6000q4lv,5.8,18.0,0,4,0,559,33676685.25396319,0,0.0,0,0.0,0,0.0,0,0.0,0,0.0,0
us6000q4gt,5.4,51.3,0,3,0,0,0.0,0,0.0,0,0.0,0,0.0,0,0.0,0,0.0,0
us6000q4di,5.4,10.0,0,0,0,0,0.0,0,0.0,0,0.0,0,0.0,0,0.0,0,0.0,0
us6000q48h,5.6,24.6,0,0,0,0,0.0,0,0.0,0,0.0,0,0.0,0,0.0,0,0.0,0
us6000q48d,5.5,28.0,0,0,0,0,0.0,0,0.0,0,0.0,0,0.0,0,0.0,0,0.0,0
us6000q47u,5.4,10.0,0,4,0,0,0.0,0,0.0,0,0.0,0,0.0,0,0.0,0,0.0,0
us6000q47k,5.5,10.0,0,0,0,0,0.0,0,0.0,0,0.0,0,0.0,0,0.0,0,0.0,0
us6000q66u,5.4,10.0,0,4,0,0,0.0,0,0.0,0,0.0,0,0.0,0,0.0,0,0.0,0
us6000q41n,6.9,10.0,1,5,1,36732,1779845441.4171693,469,22725348.797360677,0,0.0,0,0.0,0,0.0,0,0.0,1
us6000q3w4,5.6,201.0,0,0,0,0,0.0,0,0.0,0,0.0,0,0.0,0,0.0,0,0.0,0
us6000q3qi,5.4,10.0,0,0,0,0,0.0,0,0.0,0,0.0,0,0.0,0,0.0,0,0.0,0
us6000q3nw,6.9,10.0,1,0,0,0,0.0,0,0.0,0,0.0,0,0.0,0,0.0,0,0.0,0
us6000q3l2,5.5,10.0,0,0,0,0,0.0,0,0.0,0,0.0,0,0.0,0,0.0,0,0.0,0
us6000q3iu,5.8,41.1,0,4,0,0,0.0,0,0.0,0,0.0,0,0.0,0,0.0,0,0.0,0
us7000ppga,5.5,10.9,1,0,0,0,0.0,0,0.0,0,0.0,0,0.0,0,0.0,0,0.0,0
us7000ppfy,6.1,29.0,0,5,0,6059,2936431370.4663444,0,0.0,0,0.0,0,0.0,0,0.0,0,0.0,0
us7000ppd9,6.3,10.0,0,0,0,0,0.0,0,0.0,0,0.0,0,0.0,0,0.0,0,0.0,0
us7000pp7n,5.7,138.7,0,3,0,0,0.0,0,0.0,0,0.0,0,0.0,0,0.0,0,0.0,0
us7000pp13,5.6,11.9,0,4,0,0,0.0,0,0.0,0,0.0,0,0.0,0,0.0,0,0.0,0
us7000pnvv,5.9,27.1,0,4,0,0,0.0,0,0.0,0,0.0,0,0.0,0,0.0,0,0.0,0
us7000pnvp,6.2,17.0,0,4,0,145,12743709.886804948,0,0.0,0,0.0,0,0.0,0,0.0,0,0.0,0
us7000pntq,7.0,29.0,1,6,23,42153,3704728295.5757856,4703,413335638.604439,0,0.0,0,0.0,0,0.0,0,0.0,1
us7000pnf2,6.6,12.3,0,0,0,0,0.0,0,0.0,0,0.0,0,0.0,0,0.0,0,0.0,0
us7000pn9z,6.7,10.0,0,8,1083286491,5462693,102332116745.69336,2334713,43735960136.08819,2585324,48430632545.787025,297674,5576299184.332256,0,0.0,0,0.0,1
us7000pn9s,7.7,10.0,0,10,52991751137,24656409,1354386015192.4978,20277188,399308139167.4532,8787774,164620547942.70312,3636635,68124743122.38938,5800931,108668297545.86461,414753,7769529134.554433,1
us7000pn8m,5.7,35.0,0,4,0,0,0.0,0,0.0,0,0.0,0,0.0,0,0.0,0,0.0,0
us7000pn7g,6.1,10.0,0,0,0,0,0.0,0,0.0,0,0.0,0,0.0,0,0.0,0,0.0,0
us7000pmxp,5.7,123.6,0,0,0,0,0.0,0,0.0,0,0.0,0,0.0,0,0.0,0,0.0,0
us7000pmm9,5.4,99.1,0,5,0,35431,8203774768.993135,0,0.0,0,0.0,0,0.0,0,0.0,0,0.0,0
us7000pmfb,5.4,10.0,0,3,0,0,0.0,0,0.0,0,0.0,0,0.0,0,0.0,0,0.0,0
us7000pmem,6.7,21.0,1,4,0,583,461345545.26100445,0,0.0,0,0.0,0,0.0,0,0.0,0,0.0,0
us7000plu1,5.6,20.5,1,0,0,0,0.0,0,0.0,0,0.0,0,0.0,0,0.0,0,0.0,0
us7000plrn,5.5,347.3,0,0,0,0,0.0,0,0.0,0,0.0,0,0.0,0,0.0,0,0.0,0
us7000pllx,5.9,30.1,0,0,0,0,0.0,0,0.0,0,0.0,0,0.0,0,0.0,0,0.0,0
us7000pllu,6.2,17.0,1,0,0,0,0.0,0,0.0,0,0.0,0,0.0,0,0.0,0,0.0,0
us7000pllt,6.2,10.0,1,4,0,0,0.0,0,0.0,0,0.0,0,0.0,0,0.0,0,0.0,0
us7000plf7,5.5,10.0,0,0,0,0,0.0,0,0.0,0,0.0,0,0.0,0,0.0,0,0.0,0
us6000pzxi,5.6,81.8,0,0,0,0,0.0,0,0.0,0,0.0,0,0.0,0,0.0,0,0.0,0
us6000pzwx,5.4,35.0,1,0,0,0,0.0,0,0.0,0,0.0,0,0.0,0,0.0,0,0.0,0
us6000pzwb,5.6,17.0,1,0,0,0,0.0,0,0.0,0,0.0,0,0.0,0,0.0,0,0.0,0
us6000pznk,5.6,36.8,0,0,0,0,0.0,0,0.0,0,0.0,0,0.0,0,0.0,0,0.0,0
us6000pzf4,5.4,50.2,0,5,0,20283,1221939547.4170578,0,0.0,0,0.0,0,0.0,0,0.0,0,0.0,0
us6000pzdn,5.8,18.0,0,5,0,56960,3431527713.8922057,4,240978.06979580098,0,0.0,0,0.0,0,0.0,0,0.0,0
us6000pzam,5.5,10.0,0,0,0,0,0.0,0,0.0,0,0.0,0,0.0,0,0.0,0,0.0,0
us6000pz7g,5.4,10.0,0,6,231,49551,451100096.4077733,17076,155455697.08500612,239,2175797.1189573943,6,54622.52181482997,0,0.0,0,0.0,1
us6000pyyq,5.6,56.1,0,4,0,0,0.0,0,0.0,0,0.0,0,0.0,0,0.0,0,0.0,0
us6000pyxv,5.9,13.0,0,0,0,0,0.0,0,0.0,0,0.0,0,0.0,0,0.0,0,0.0,0
us6000pysg,5.4,27.6,0,4,0,984,59280605.16976704,0,0.0,0,0.0,0,0.0,0,0.0,0,0.0,0
us6000pybu,5.5,9.0,0,4,0,0,0.0,0,0.0,0,0.0,0,0.0,0,0.0,0,0.0,0
us6000py97,6.0,45.8,0,4,0,0,0.0,0,0.0,0,0.0,0,0.0,0,0.0,0,0.0,0
us6000py4l,5.6,648.3,0,1,0,0,0.0,0,0.0,0,0.0,0,0.0,0,0.0,0,0.0,0
us6000py3p,5.4,10.0,0,3,0,0,0.0,0,0.0,0,0.0,0,0.0,0,0.0,0,0.0,0
us6000pxvx,6.5,10.0,1,0,0,0,0.0,0,0.0,0,0.0,0,0.0,0,0.0,0,0.0,0
us6000pxxd,5.4,10.0,0,0,0,0,0.0,0,0.0,0,0.0,0,0.0,0,0.0,0,0.0,0
us6000pxpv,5.7,26.0,0,4,0,0,0.0,0,0.0,0,0.0,0,0.0,0,0.0,0,0.0,0
us6000pxnp,5.7,24.0,0,4,0,0,0.0,0,0.0,0,0.0,0,0.0,0,0.0,0,0.0,0
us6000pxef,5.4,65.4,0,4,0,0,0.0,0,0.0,0,0.0,0,0.0,0,0.0,0,0.0,0
us6000pxeb,5.4,112.7,0,4,0,0,0.0,0,0.0,0,0.0,0,0.0,0,0.0,0,0.0,0
us6000px89,6.0,96.0,0,5,0,25489,5901781352.117243,0,0.0,0,0.0,0,0.0,0,0.0,0,0.0,0
us6000px0a,5.5,47.8,0,4,0,0,0.0,0,0.0,0,0.0,0,0.0,0,0.0,0,0.0,0
us6000pwz6,5.4,88.2,0,4,0,0,0.0,0,0.0,0,0.0,0,0.0,0,0.0,0,0.0,0
us6000pw69,5.5,126.0,0,3,0,0,0.0,0,0.0,0,0.0,0,0.0,0,0.0,0,0.0,0
us6000pvwf,5.6,10.0,0,5,258,52938,559424183.1694499,0,0.0,0,0.0,0,0.0,0,0.0,0,0.0,1
us6000pvty,5.4,10.0,0,0,0,0,0.0,0,0.0,0,0.0,0,0.0,0,0.0,0,0.0,0
us6000pvm4,5.8,10.0,0,4,0,0,0.0,0,0.0,0,0.0,0,0.0,0,0.0,0,0.0,0
us6000pvj5,5.8,388.0,0,3,0,0,0.0,0,0.0,0,0.0,0,0.0,0,0.0,0,0.0,0
us6000pvgx,6.1,13.3,0,5,0,105591,6361278841.9521055,0,0.0,0,0.0,0,0.0,0,0.0,0,0.0,0
pr2025056002,5.4,16.8,0,4,0,0,0.0,0,0.0,0,0.0,0,0.0,0,0.0,0,0.0,0
us6000pv78,5.4,10.0,0,3,0,0,0.0,0,0.0,0,0.0,0,0.0,0,0.0,0,0.0,0
us7000pfmk,6.0,36.0,0,4,0,322,13924240.283837289,0,0.0,0,0.0,0,0.0,0,0.0,0,0.0,0
us7000pfjq,5.4,68.4,0,4,0,0,0.0,0,0.0,0,0.0,0,0.0,0,0.0,0,0.0,0
us7000pfjc,5.6,48.0,0,4,0,0,0.0,0,0.0,0,0.0,0,0.0,0,0.0,0,0.0,0
us7000pfih,5.4,10.0,0,0,0,0,0.0,0,0.0,0,0.0,0,0.0,0,0.0,0,0.0,0
us7000pexi,5.4,10.0,0,0,0,0,0.0,0,0.0,0,0.0,0,0.0,0,0.0,0,0.0,0
us7000pexc,5.5,107.0,0,3,0,0,0.0,0,0.0,0,0.0,0,0.0,0,0.0,0,0.0,0
us7000penh,5.6,10.0,0,6,2253,6496,314763040.0589658,3584,173662366.9290846,555,26892470.32523492,0,0.0,0,0.0,0,0.0,1
us7000pemi,5.7,13.0,0,4,0,435,26206365.090293355,0,0.0,0,0.0,0,0.0,0,0.0,0,0.0,0
us7000peiq,5.6,31.0,0,4,0,0,0.0,0,0.0,0,0.0,0,0.0,0,0.0,0,0.0,0
us7000pe6v,5.5,10.0,0,4,0,0,0.0,0,0.0,0,0.0,0,0.0,0,0.0,0,0.0,0
tx2025deqh,4.9,13.5,0,4,8,224,183021657.66969886,8,6308045.9552383255,0,0.0,0,0.0,0,0.0,0,0.0,1
us7000pdvt,5.7,13.0,0,6,422766,11995,3339494079.460492,1228,341884012.4699862,0,0.0,0,0.0,0,0.0,0,0.0,1
us7000pdu6,5.9,25.0,0,7,39767,179074,1630245578.5781436,30103,274050295.6986377,55073,501371023.98468846,936,8521113.403113475,0,0.0,0,0.0,1
ak025215oy3m,5.7,19.0,1,0,0,0,0.0,0,0.0,0,0.0,0,0.0,0,0.0,0,0.0,0
us7000pctm,5.4,10.0,0,0,0,0,0.0,0,0.0,0,0.0,0,0.0,0,0.0,0,0.0,0
us7000pck3,5.4,10.0,0,5,0,1853,87003767.58163495,4,172971.92899176758,0,0.0,0,0.0,0,0.0,0,0.0,0
us7000pck0,5.4,10.0,0,4,0,0,0.0,0,0.0,0,0.0,0,0.0,0,0.0,0,0.0,0
us7000pcjx,5.9,18.0,0,5,0,80162,5390915743.319494,0,0.0,0,0.0,0,0.0,0,0.0,0,0.0,0
us7000pcdl,7.6,10.0,1,5,42,7503,187506803.50759378,0,0.0,0,0.0,0,0.0,0,0.0,0,0.0,1
us7000pc2p,5.9,73.4,0,0,0,0,0.0,0,0.0,0,0.0,0,0.0,0,0.0,0,0.0,0
us7000pc0e,5.8,10.0,0,0,0,0,0.0,0,0.0,0,0.0,0,0.0,0,0.0,0,0.0,0
us7000pbt5,5.4,48.4,0,4,0,707,42592873.836407825,0,0.0,0,0.0,0,0.0,0,0.0,0,0.0,0
us7000pbfb,5.6,69.9,0,4,0,0,0.0,0,0.0,0,0.0,0,0.0,0,0.0,0,0.0,0
us7000pbdp,5.5,99.0,0,4,0,0,0.0,0,0.0,0,0.0,0,0.0,0,0.0,0,0.0,0
us7000pb59,5.7,10.0,0,0,0,0,0.0,0,0.0,0,0.0,0,0.0,0,0.0,0,0.0,0
us7000pb3j,5.9,103.0,0,4,0,0,0.0,0,0.0,0,0.0,0,0.0,0,0.0,0,0.0,0
us7000pb2l,5.4,26.7,0,3,0,0,0.0,0,0.0,0,0.0,0,0.0,0,0.0,0,0.0,0
us7000pb0i,5.5,10.0,0,0,0,0,0.0,0,0.0,0,0.0,0,0.0,0,0.0,0,0.0,0
us7000pahy,5.5,8.0,0,5,0,26535,4390064959.429278,80,13235545.383619457,0,0.0,0,0.0,0,0.0,0,0.0,0
us7000paai,5.4,10.0,0,3,0,0,0.0,0,0.0,0,0.0,0,0.0,0,0.0,0,0.0,0
us7000pa9d,5.7,53.0,0,5,0,9022,543526036.4244292,0,0.0,0,0.0,0,0.0,0,0.0,0,0.0,0
us7000pa8p,5.7,10.0,0,0,0,0,0.0,0,0.0,0,0.0,0,0.0,0,0.0,0,0.0,0
us7000p9yj,5.1,10.0,0,5,0,14781,2814662465.16,0,0.0,0,0.0,0,0.0,0,0.0,0,0.0,0
us7000p9qx,5.6,10.0,0,0,0,0,0.0,0,0.0,0,0.0,0,0.0,0,0.0,0,0.0,0
us6000pmsr,5.4,99.8,0,4,0,0,0.0,0,0.0,0,0.0,0,0.0,0,0.0,0,0.0,0
us6000pmru,5.2,46.4,0,5,1,1238,979666869.6966099,0,0.0,0,0.0,0,0.0,0,0.0,0,0.0,1
us6000pmqw,5.8,10.0,0,0,0,0,0.0,0,0.0,0,0.0,0,0.0,0,0.0,0,0.0,0
us6000pmpq,5.7,10.0,0,0,0,0,0.0,0,0.0,0,0.0,0,0.0,0,0.0,0,0.0,0
us6000pmgt,5.6,59.0,1,4,0,0,0.0,0,0.0,0,0.0,0,0.0,0,0.0,0,0.0,0
us6000pmct,5.2,10.0,0,6,7,1362496,5456652851.712,9311,1773041215.96,0,0.0,0,0.0,0,0.0,0,0.0,1
us6000pm5y,5.7,10.0,0,4,0,0,0.0,0,0.0,0,0.0,0,0.0,0,0.0,0,0.0,0
us6000plst,5.6,598.0,0,2,0,0,0.0,0,0.0,0,0.0,0,0.0,0,0.0,0,0.0,0
us6000plrc,5.4,49.8,0,5,0,25364,1442887724.8024316,0,0.0,0,0.0,0,0.0,0,0.0,0,0.0,0
us6000plql,5.7,9.0,0,7,8482,347735,19781681240.505188,58404,3322441834.070384,4378,249052296.92418566,0,0.0,0,0.0,0,0.0,1
us6000plel,5.5,10.0,0,4,0,0,0.0,0,0.0,0,0.0,0,0.0,0,0.0,0,0.0,0
us6000pldh,5.5,10.0,0,0,0,0,0.0,0,0.0,0,0.0,0,0.0,0,0.0,0,0.0,0
us6000pldf,5.5,130.0,0,5,0,26691,9180260283.81,0,0.0,0,0.0,0,0.0,0,0.0,0,0.0,0
us6000pl8h,6.0,16.0,0,6,28,3734069,50668682048.6352,568686,6693357210.6208,0,0.0,0,0.0,0,0.0,0,0.0,1
us6000pl89,5.4,10.0,0,0,0,0,0.0,0,0.0,0,0.0,0,0.0,0,0.0,0,0.0,0
us6000pl78,5.4,100.0,0,4,0,0,0.0,0,0.0,0,0.0,0,0.0,0,0.0,0,0.0,0
us6000pl6q,5.5,36.4,0,4,0,0,0.0,0,0.0,0,0.0,0,0.0,0,0.0,0,0.0,0
us6000pk9u,5.7,42.0,0,4,0,0,0.0,0,0.0,0,0.0,0,0.0,0,0.0,0,0.0,0
us6000pjym,5.6,10.0,0,0,0,0,0.0,0,0.0,0,0.0,0,0.0,0,0.0,0,0.0,0
us6000pjxl,5.3,37.9,0,4,0,0,0.0,0,0.0,0,0.0,0,0.0,0,0.0,0,0.0,0
us6000pjny,6.8,39.0,1,6,10598,2062210,999428641110.6454,635091,307790251774.359,0,0.0,0,0.0,0,0.0,0,0.0,1
us6000pjlq,5.4,544.2,0,2,0,0,0.0,0,0.0,0,0.0,0,0.0,0,0.0,0,0.0,0
us6000pjk4,5.4,607.8,0,1,0,0,0.0,0,0.0,0,0.0,0,0.0,0,0.0,0,0.0,0
us6000pjig,6.2,39.0,0,6,19364,504324,50364161149.62658,8771,875913217.3828226,0,0.0,0,0.0,0,0.0,0,0.0,1
us6000pj4s,5.6,10.0,0,4,0,0,0.0,0,0.0,0,0.0,0,0.0,0,0.0,0,0.0,0
us6000pixh,5.8,95.0,0,4,0,0,0.0,0,0.0,0,0.0,0,0.0,0,0.0,0,0.0,0
us6000pijd,5.5,10.0,0,4,2811477,367,27284214.028449405,59,4386290.538633555,111,8252173.725225842,14,1040814.7040825386,0,0.0,0,0.0,1
us6000pida,5.6,376.0,0,2,0,0,0.0,0,0.0,0,0.0,0,0.0,0,0.0,0,0.0,0
us6000pks1,5.4,10.0,0,5,16274,7263,539959799.6965342,3,223031.72230340113,0,0.0,0,0.0,0,0.0,0,0.0,1
us6000pi9w,7.1,10.0,0,9,1149651303,147452,10837962370.559505,61485,4571035148.608207,27679,2057765013.8786135,6964,517730971.3736285,2998,222883034.4885322,0,0.0,1
us6000pi09,6.2,46.0,0,6,238213,1318301,89678760032.29942,17269,1174741206.2933872,0,0.0,0,0.0,0,0.0,0,0.0,1
us6000phrk,5.7,8.0,0,8,100779,39163,356530303.63903105,24578,223752056.86081517,16610,151213347.89072096,3310,30133424.534514535,0,0.0,0,0.0,1
us6000phnz,5.5,10.0,0,8,35961,191208,1740710525.1950016,34594,314935253.27703804,14583,132760039.27094425,1115,10150685.30392257,0,0.0,0,0.0,1
us6000phce,5.5,99.0,0,0,0,0,0.0,0,0.0,0,0.0,0,0.0,0,0.0,0,0.0,0
us6000phc9,5.4,10.0,0,4,0,0,0.0,0,0.0,0,0.0,0,0.0,0,0.0,0,0.0,0
us6000phap,6.1,99.0,0,5,0,171548,39720616242.02631,0,0.0,0,0.0,0,0.0,0,0.0,0,0.0,0
us6000ph16,5.4,10.0,0,4,0,0,0.0,0,0.0,0,0.0,0,0.0,0,0.0,0,0.0,0
us6000pgzq,5.5,10.0,0,0,0,0,0.0,0,0.0,0,0.0,0,0.0,0,0.0,0,0.0,0
us6000pgv4,6.1,76.4,0,0,0,0,0.0,0,0.0,0,0.0,0,0.0,0,0.0,0,0.0,0
us6000pgsd,5.5,10.0,0,4,0,0,0.0,0,0.0,0,0.0,0,0.0,0,0.0,0,0.0,0
us7000rlhy,5.1,5.0,0,3,0,0,0.0,0,0.0,0,0.0,0,0.0,0,0.0,0,0.0,0
us7000rlha,5.5,11.0,0,5,0,12341,5980937372.986492,0,0.0,0,0.0,0,0.0,0,0.0,0,0.0,0
us7000rl57,6.2,58.0,0,6,783278,949939,118289165795.89034,310375,38648797274.24546,0,0.0,0,0.0,0,0.0,0,0.0,1
us7000rl2n,6.6,63.0,1,6,50,7818404,15639077406.5216,330398,12116672505.110401,0,0.0,0,0.0,0,0.0,0,0.0,1
us7000rl1p,5.6,593.4,0,2,0,0,0.0,0,0.0,0,0.0,0,0.0,0,0.0,0,0.0,0
us7000rkyz,5.4,25.0,0,5,0,1219,73438066.77027035,0,0.0,0,0.0,0,0.0,0,0.0,0,0.0,0
us7000rkvc,5.6,10.0,0,3,0,0,0.0,0,0.0,0,0.0,0,0.0,0,0.0,0,0.0,0
us7000rkqm,5.6,55.2,0,4,0,0,0.0,0,0.0,0,0.0,0,0.0,0,0.0,0,0.0,0
us7000rkkk,5.7,13.6,0,3,0,0,0.0,0,0.0,0,0.0,0,0.0,0,0.0,0,0.0,0
us7000rkjm,6.0,8.0,0,7,23829,76248,14519476601.28,100952,19223719990.72,10159,1934521073.24,0,0.0,0,0.0,0,0.0,1
us7000rkfp,5.6,157.0,0,3,0,0,0.0,0,0.0,0,0.0,0,0.0,0,0.0,0,0.0,0
us6000rwgh,6.5,107.0,0,6,48,914250,44299893684.40725,17905,867585011.1231192,0,0.0,0,0.0,0,0.0,0,0.0,1
us6000rwcs,5.6,9.0,0,3,0,0,0.0,0,0.0,0,0.0,0,0.0,0,0.0,0,0.0,0
us6000rwbl,5.5,44.0,0,3,0,0,0.0,0,0.0,0,0.0,0,0.0,0,0.0,0,0.0,0
us6000rw94,5.4,57.2,0,4,0,0,0.0,0,0.0,0,0.0,0,0.0,0,0.0,0,0.0,0
us6000rw5u,5.6,10.0,0,0,0,0,0.0,0,0.0,0,0.0,0,0.0,0,0.0,0,0.0,0
us6000rvx4,5.7,10.0,0,4,0,168,18348128.16922511,0,0.0,0,0.0,0,0.0,0,0.0,0,0.0,0
us6000rvnm,5.9,38.0,0,4,0,0,0.0,0,0.0,0,0.0,0,0.0,0,0.0,0,0.0,0
us6000rvmn,5.5,18.0,0,4,0,0,0.0,0,0.0,0,0.0,0,0.0,0,0.0,0,0.0,0
us6000rvkl,5.6,10.0,0,3,0,0,0.0,0,0.0,0,0.0,0,0.0,0,0.0,0,0.0,0
us6000rvhm,5.4,400.3,0,2,0,0,0.0,0,0.0,0,0.0,0,0.0,0,0.0,0,0.0,0
us6000rvhe,5.7,35.0,0,0,0,0,0.0,0,0.0,0,0.0,0,0.0,0,0.0,0,0.0,0
us6000rv5e,5.4,16.4,0,4,0,0,0.0,0,0.0,0,0.0,0,0.0,0,0.0,0,0.0,0
us6000rv4q,5.6,97.4,0,4,0,0,0.0,0,0.0,0,0.0,0,0.0,0,0.0,0,0.0,0
us6000rv1u,5.7,34.0,0,3,0,0,0.0,0,0.0,0,0.0,0,0.0,0,0.0,0,0.0,0
us6000ruxv,5.3,10.0,0,3,0,0,0.0,0,0.0,0,0.0,0,0.0,0,0.0,0,0.0,0
us6000run8,5.4,90.3,0,4,0,0,0.0,0,0.0,0,0.0,0,0.0,0,0.0,0,0.0,0
us6000rumi,5.5,108.0,0,0,0,0,0.0,0,0.0,0,0.0,0,0.0,0,0.0,0,0.0,0
us6000rucc,5.5,35.1,0,3,0,0,0.0,0,0.0,0,0.0,0,0.0,0,0.0,0,0.0,0
us6000ruc4,6.7,19.0,1,5,0,186987,90621305936.52258,0,0.0,0,0.0,0,0.0,0,0.0,0,0.0,0
us6000rtw5,5.7,36.1,0,4,0,0,0.0,0,0.0,0,0.0,0,0.0,0,0.0,0,0.0,0
us6000rtuk,5.5,164.6,0,4,0,0,0.0,0,0.0,0,0.0,0,0.0,0,0.0,0,0.0,0
us6000rtj4,5.6,47.8,0,4,0,0,0.0,0,0.0,0,0.0,0,0.0,0,0.0,0,0.0,0
us6000rtie,6.6,19.0,0,4,0,0,0.0,0,0.0,0,0.0,0,0.0,0,0.0,0,0.0,0
us6000rtgd,6.0,22.1,0,4,0,0,0.0,0,0.0,0,0.0,0,0.0,0,0.0,0,0.0,0
us6000rtg8,5.5,26.7,0,0,0,0,0.0,0,0.0,0,0.0,0,0.0,0,0.0,0,0.0,0
us6000rtdz,5.5,35.0,0,4,0,0,0.0,0,0.0,0,0.0,0,0.0,0,0.0,0,0.0,0
us6000rtdt,7.6,45.4,1,7,7655248,4160333,2016262144378.0093,953956,462324859621.15735,269997,130851239599.24107,0,0.0,0,0.0,0,0.0,1
us6000rt9w,5.8,10.0,1,3,0,0,0.0,0,0.0,0,0.0,0,0.0,0,0.0,0,0.0,0
us6000rt9a,5.0,2.1,0,2,0,0,0.0,0,0.0,0,0.0,0,0.0,0,0.0,0,0.0,0
us6000rt68,5.6,63.4,0,4,0,0,0.0,0,0.0,0,0.0,0,0.0,0,0.0,0,0.0,0
us6000rt4z,5.6,10.0,0,5,2,2464,165704652.97197217,689,46335432.58834773,0,0.0,0,0.0,0,0.0,0,0.0,1
us6000rt1y,5.2,7.3,0,2,0,0,0.0,0,0.0,0,0.0,0,0.0,0,0.0,0,0.0,0
ak2025xzwrbu,5.1,6.1,1,3,0,0,0.0,0,0.0,0,0.0,0,0.0,0,0.0,0,0.0,0
us6000rsy4,5.2,5.0,0,3,0,0,0.0,0,0.0,0,0.0,0,0.0,0,0.0,0,0.0,0
us6000rsy1,7.0,5.0,1,5,2,1093,791549699.9019079,0,0.0,0,0.0,0,0.0,0,0.0,0,0.0,1
us6000rsti,5.5,10.0,0,3,0,0,0.0,0,0.0,0,0.0,0,0.0,0,0.0,0,0.0,0
us7000rfr9,5.5,10.0,0,0,0,0,0.0,0,0.0,0,0.0,0,0.0,0,0.0,0,0.0,0
us7000rfgy,5.8,10.0,0,6,11538322,17091,1268430468.1225736,10692,794885058.2893217,84,6244888.224495232,0,0.0,0,0.0,0,0.0,1
us7000rfg1,5.5,10.0,0,0,0,0,0.0,0,0.0,0,0.0,0,0.0,0,0.0,0,0.0,0
us6000rs3k,5.6,631.0,0,1,0,0,0.0,0,0.0,0,0.0,0,0.0,0,0.0,0,0.0,0
us7000renh,5.3,43.3,0,0,0,0,0.0,0,0.0,0,0.0,0,0.0,0,0.0,0,0.0,0
us7000rena,5.8,10.0,0,0,0,0,0.0,0,0.0,0,0.0,0,0.0,0,0.0,0,0.0,0
us7000rekp,5.9,10.0,0,0,0,0,0.0,0,0.0,0,0.0,0,0.0,0,0.0,0,0.0,0
us7000rehl,5.8,148.0,0,4,0,0,0.0,0,0.0,0,0.0,0,0.0,0,0.0,0,0.0,0
us7000rea0,5.6,263.0,0,0,0,0,0.0,0,0.0,0,0.0,0,0.0,0,0.0,0,0.0,0
ak2025xjbvhj,6.0,74.0,1,5,6,168688,133011457012.15532,1,788505.7444047907,0,0.0,0,0.0,0,0.0,0,0.0,1
us7000re2g,6.6,17.0,0,7,77917,45537,2743354591.0728474,40681,2450807214.340745,10820,651845678.7976418,0,0.0,0,0.0,0,0.0,1
us7000rdmx,5.4,80.1,0,4,0,0,0.0,0,0.0,0,0.0,0,0.0,0,0.0,0,0.0,0
us7000rdmh,5.4,10.0,0,6,4366,37046,17953958829.888794,25992,12596752629.338377,139,67364905.18151872,0,0.0,0,0.0,0,0.0,1
us6000rq0u,5.4,10.0,0,0,0,0,0.0,0,0.0,0,0.0,0,0.0,0,0.0,0,0.0,0
us6000rq2y,5.4,3.0,0,4,0,784,7137342.850471117,74,673677.7690495696,1,9103.753635804995,0,0.0,0,0.0,0,0.0,0
us6000rq2x,5.5,3.0,0,5,0,1206,10979126.884780824,74,673677.7690495696,1,9103.753635804995,0,0.0,0,0.0,0,0.0,0
us6000rpxa,5.5,33.0,0,0,0,0,0.0,0,0.0,0,0.0,0,0.0,0,0.0,0,0.0,0
us6000rpwf,5.4,10.0,0,5,2,7670,462075448.83344835,384,23133894.700396895,0,0.0,0,0.0,0,0.0,0,0.0,1
us6000rpql,5.6,12.0,0,3,0,0,0.0,0,0.0,0,0.0,0,0.0,0,0.0,0,0.0,0
us6000rpjb,5.6,516.0,0,0,0,0,0.0,0,0.0,0,0.0,0,0.0,0,0.0,0,0.0,0
us6000rpja,5.5,11.0,0,3,0,0,0.0,0,0.0,0,0.0,0,0.0,0,0.0,0,0.0,0
us6000rpht,5.4,27.0,0,6,20244653,20663192,417139225058.6876,5291775,106827973271.74509,0,0.0,0,0.0,0,0.0,0,0.0,1
us6000rpc0,5.4,126.9,0,0,0,0,0.0,0,0.0,0,0.0,0,0.0,0,0.0,0,0.0,0
us6000rpai,5.8,130.9,0,4,0,0,0.0,0,0.0,0,0.0,0,0.0,0,0.0,0,0.0,0
us6000rpa3,5.4,136.9,0,4,0,0,0.0,0,0.0,0,0.0,0,0.0,0,0.0,0,0.0,0
us6000rp1a,5.4,10.0,0,4,0,2,316362.8738281716,0,0.0,0,0.0,0,0.0,0,0.0,0,0.0,0
us6000rnxp,5.3,10.0,0,0,0,0,0.0,0,0.0,0,0.0,0,0.0,0,0.0,0,0.0,0
us6000rntu,5.2,33.3,0,3,0,0,0.0,0,0.0,0,0.0,0,0.0,0,0.0,0,0.0,0
us6000rneu,5.4,35.6,0,4,0,61,3674915.564385965,0,0.0,0,0.0,0,0.0,0,0.0,0,0.0,0
us6000rnd3,5.7,5.3,0,0,0,432,37967466.69723956,0,0.0,0,0.0,0,0.0,0,0.0,0,0.0,0
us6000rn4x,5.7,10.0,0,0,0,0,0.0,0,0.0,0,0.0,0,0.0,0,0.0,0,0.0,0
us6000rmwv,5.7,10.0,0,0,0,0,0.0,0,0.0,0,0.0,0,0.0,0,0.0,0,0.0,0
us6000rmvh,5.4,35.0,0,3,0,0,0.0,0,0.0,0,0.0,0,0.0,0,0.0,0,0.0,0
us6000rmki,5.4,52.4,0,5,0,2130,493185071.207569,0,0.0,0,0.0,0,0.0,0,0.0,0,0.0,0
us6000rmk2,6.0,10.0,0,4,0,0,0.0,0,0.0,0,0.0,0,0.0,0,0.0,0,0.0,0
us6000rmjg,5.4,10.0,0,3,0,0,0.0,0,0.0,0,0.0,0,0.0,0,0.0,0,0.0,0
us6000rmj3,5.3,10.0,0,3,0,0,0.0,0,0.0,0,0.0,0,0.0,0,0.0,0,0.0,0
us6000rmia,5.4,108.6,0,4,0,0,0.0,0,0.0,0,0.0,0,0.0,0,0.0,0,0.0,0
us6000rmfg,5.4,10.0,0,3,0,0,0.0,0,0.0,0,0.0,0,0.0,0,0.0,0,0.0,0
us6000rmex,5.7,10.0,0,3,0,0,0.0,0,0.0,0,0.0,0,0.0,0,0.0,0,0.0,0
us6000rmet,5.4,10.0,0,3,0,0,0.0,0,0.0,0,0.0,0,0.0,0,0.0,0,0.0,0
us6000rmep,6.4,10.0,0,4,0,0,0.0,0,0.0,0,0.0,0,0.0,0,0.0,0,0.0,0
us6000rmeh,5.6,10.0,0,3,0,0,0.0,0,0.0,0,0.0,0,0.0,0,0.0,0,0.0,0
us6000rmed,5.9,10.0,0,4,0,0,0.0,0,0.0,0,0.0,0,0.0,0,0.0,0,0.0,0
us6000rmee,5.5,10.0,0,3,0,0,0.0,0,0.0,0,0.0,0,0.0,0,0.0,0,0.0,0
us6000rmea,6.8,18.0,1,4,0,645,312592545.6264717,0,0.0,0,0.0,0,0.0,0,0.0,0,0.0,0
us6000rmdj,5.5,132.6,0,4,0,0,0.0,0,0.0,0,0.0,0,0.0,0,0.0,0,0.0,0
us6000rmaw,5.5,14.0,0,3,0,0,0.0,0,0.0,0,0.0,0,0.0,0,0.0,0,0.0,0
us6000rmai,5.4,12.2,0,3,0,0,0.0,0,0.0,0,0.0,0,0.0,0,0.0,0,0.0,0
us6000rm7z,5.6,495.3,0,1,0,0,0.0,0,0.0,0,0.0,0,0.0,0,0.0,0,0.0,0
us6000rm2p,5.6,10.0,0,4,0,0,0.0,0,0.0,0,0.0,0,0.0,0,0.0,0,0.0,0
us6000rls2,5.6,35.0,0,0,0,0,0.0,0,0.0,0,0.0,0,0.0,0,0.0,0,0.0,0
us6000rlji,5.7,71.0,0,3,0,0,0.0,0,0.0,0,0.0,0,0.0,0,0.0,0,0.0,0
us6000rlim,5.9,120.3,0,4,0,0,0.0,0,0.0,0,0.0,0,0.0,0,0.0,0,0.0,0
us6000rlik,6.0,28.0,0,4,0,0,0.0,0,0.0,0,0.0,0,0.0,0,0.0,0,0.0,0
us6000rlcd,5.9,89.1,0,3,0,0,0.0,0,0.0,0,0.0,0,0.0,0,0.0,0,0.0,0
us6000rlc6,5.4,10.0,0,3,0,0,0.0,0,0.0,0,0.0,0,0.0,0,0.0,0,0.0,0
us6000rlbm,5.5,10.0,0,3,0,0,0.0,0,0.0,0,0.0,0,0.0,0,0.0,0,0.0,0
us6000rlbe,5.9,20.0,0,3,0,0,0.0,0,0.0,0,0.0,0,0.0,0,0.0,0,0.0,0
us6000rl8b,5.4,74.4,0,3,0,0,0.0,0,0.0,0,0.0,0,0.0,0,0.0,0,0.0,0
us6000rl7b,5.5,22.2,0,4,0,0,0.0,0,0.0,0,0.0,0,0.0,0,0.0,0,0.0,0
us6000rl5i,6.1,29.0,0,4,0,0,0.0,0,0.0,0,0.0,0,0.0,0,0.0,0,0.0,0
us6000rpn4,5.7,35.0,0,3,0,0,0.0,0,0.0,0,0.0,0,0.0,0,0.0,0,0.0,0
us6000rl55,5.9,35.0,0,4,0,0,0.0,0,0.0,0,0.0,0,0.0,0,0.0,0,0.0,0
us6000rl31,6.2,28.0,0,7,759805,1784387,30978526331.189884,1581466,15095052062.265566,7401,70642353.55855101,0,0.0,0,0.0,0,0.0,1
us6000rl2n,5.5,114.9,0,4,0,0,0.0,0,0.0,0,0.0,0,0.0,0,0.0,0,0.0,0
us6000rktg,5.9,10.0,0,0,0,0,0.0,0,0.0,0,0.0,0,0.0,0,0.0,0,0.0,0
us6000rkpc,5.4,529.4,0,0,0,0,0.0,0,0.0,0,0.0,0,0.0,0,0.0,0,0.0,0
ak025dxe5mlz,5.4,37.0,1,4,0,0,0.0,0,0.0,0,0.0,0,0.0,0,0.0,0,0.0,0
us6000rkc0,5.5,288.5,0,0,0,0,0.0,0,0.0,0,0.0,0,0.0,0,0.0,0,0.0,0
us6000rk65,5.4,10.0,0,4,0,3,2497763.12709375,0,0.0,0,0.0,0,0.0,0,0.0,0,0.0,0
us6000rk5r,5.4,10.0,1,0,0,0,0.0,0,0.0,0,0.0,0,0.0,0,0.0,0,0.0,0
us6000rk4f,5.5,10.0,0,0,0,0,0.0,0,0.0,0,0.0,0,0.0,0,0.0,0,0.0,0
us6000rjx3,6.4,142.0,0,4,0,0,0.0,0,0.0,0,0.0,0,0.0,0,0.0,0,0.0,0
us6000rjvf,5.6,35.0,0,3,0,0,0.0,0,0.0,0,0.0,0,0.0,0,0.0,0,0.0,0
us6000rjsu,6.0,8.0,0,8,32074226,513645,64446667973.935,46490,5833066795.370807,20402,2559824236.591852,4869,610909920.9864585,0,0.0,0,0.0,1
us6000rjr7,5.4,10.0,0,2,0,0,0.0,0,0.0,0,0.0,0,0.0,0,0.0,0,0.0,0
us6000rjqj,6.0,10.0,0,3,0,0,0.0,0,0.0,0,0.0,0,0.0,0,0.0,0,0.0,0
us6000rjq8,6.5,9.0,1,4,0,0,0.0,0,0.0,0,0.0,0,0.0,0,0.0,0,0.0,0
us6000rjkv,6.2,75.0,0,5,0,33203,1516938967.3101792,0,0.0,0,0.0,0,0.0,0,0.0,0,0.0,0
us6000rjhm,6.0,34.0,0,4,0,0,0.0,0,0.0,0,0.0,0,0.0,0,0.0,0,0.0,0
us6000rjgf,5.4,10.0,0,0,0,0,0.0,0,0.0,0,0.0,0,0.0,0,0.0,0,0.0,0
us6000rjf1,5.3,47.0,0,3,0,0,0.0,0,0.0,0,0.0,0,0.0,0,0.0,0,0.0,0
us6000rj9f,5.7,49.9,0,4,0,0,0.0,0,0.0,0,0.0,0,0.0,0,0.0,0,0.0,0
us6000riuj,5.6,87.3,0,3,0,0,0.0,0,0.0,0,0.0,0,0.0,0,0.0,0,0.0,0
us6000risn,5.6,10.0,0,3,0,0,0.0,0,0.0,0,0.0,0,0.0,0,0.0,0,0.0,0
us6000ril5,5.9,42.1,0,5,9,27538,4356000409.740094,0,0.0,0,0.0,0,0.0,0,0.0,0,0.0,1
us6000rik7,5.5,72.2,0,5,2,430645,71232054200.07411,0,0.0,0,0.0,0,0.0,0,0.0,0,0.0,1
us6000ri9x,5.8,10.0,0,4,0,0,0.0,0,0.0,0,0.0,0,0.0,0,0.0,0,0.0,0
us6000ri11,5.4,55.7,0,5,0,1783,101429932.71261378,0,0.0,0,0.0,0,0.0,0,0.0,0,0.0,0
us6000rhs3,5.5,8.0,0,5,1,1641,32102088.369882006,0,0.0,0,0.0,0,0.0,0,0.0,0,0.0,1
us6000rhqe,5.5,51.3,0,5,0,4570,275317444.7417026,0,0.0,0,0.0,0,0.0,0,0.0,0,0.0,0
us6000rhpx,5.4,63.7,0,4,0,0,0.0,0,0.0,0,0.0,0,0.0,0,0.0,0,0.0,0
us6000rhns,6.0,32.0,0,6,80,154716,8801364817.478828,85795,4880639975.927481,0,0.0,0,0.0,0,0.0,0,0.0,1
us6000rhg5,6.5,33.3,1,6,3000,21806,1313691947.491809,24185,1457013654.5028617,395,23796584.392335348,0,0.0,0,0.0,0,0.0,1
us6000rhf2,6.3,10.0,1,0,0,0,0.0,0,0.0,0,0.0,0,0.0,0,0.0,0,0.0,0
us6000rha2,5.4,10.0,0,0,0,0,0.0,0,0.0,0,0.0,0,0.0,0,0.0,0,0.0,0
us6000rh9m,5.6,51.0,0,5,0,11460,2653474608.4688926,0,0.0,0,0.0,0,0.0,0,0.0,0,0.0,0
us6000rh9c,5.4,10.0,0,0,0,0,0.0,0,0.0,0,0.0,0,0.0,0,0.0,0,0.0,0
us6000rgz6,5.5,35.0,0,4,0,0,0.0,0,0.0,0,0.0,0,0.0,0,0.0,0,0.0,0
us6000rgul,5.9,10.0,0,0,0,0,0.0,0,0.0,0,0.0,0,0.0,0,0.0,0,0.0,0
us6000rgst,5.5,60.3,0,0,0,0,0.0,0,0.0,0,0.0,0,0.0,0,0.0,0,0.0,0
us6000rgrd,5.8,10.0,0,7,336803,465899,26503703993.759975,197240,11220437424.697666,174870,9947870069.239914,0,0.0,0,0.0,0,0.0,1
us6000rglb,5.6,10.0,0,7,1194,236585,2153811553.926925,28326,257872925.48781228,5327,48495695.617933206,0,0.0,0,0.0,0,0.0,1
us6000rgkr,6.0,77.0,0,5,0,171865,9776923940.355223,0,0.0,0,0.0,0,0.0,0,0.0,0,0.0,0
us6000rgk9,5.5,49.4,0,0,0,0,0.0,0,0.0,0,0.0,0,0.0,0,0.0,0,0.0,0
us6000rgjt,5.8,70.1,0,4,0,0,0.0,0,0.0,0,0.0,0,0.0,0,0.0,0,0.0,0
us6000rgj4,5.5,63.8,0,4,0,0,0.0,0,0.0,0,0.0,0,0.0,0,0.0,0,0.0,0
us6000rgil,5.5,48.6,0,0,0,0,0.0,0,0.0,0,0.0,0,0.0,0,0.0,0,0.0,0
us6000rghy,5.7,75.1,0,4,0,0,0.0,0,0.0,0,0.0,0,0.0,0,0.0,0,0.0,0
us6000rggf,5.4,10.0,0,0,0,0,0.0,0,0.0,0,0.0,0,0.0,0,0.0,0,0.0,0
us6000rgge,5.7,10.0,0,0,0,0,0.0,0,0.0,0,0.0,0,0.0,0,0.0,0,0.0,0
us6000rgf4,7.6,6.5,1,0,0,0,0.0,0,0.0,0,0.0,0,0.0,0,0.0,0,0.0,0
us6000rg2s,5.6,66.9,0,4,0,0,0.0,0,0.0,0,0.0,0,0.0,0,0.0,0,0.0,0
us6000rg2r,6.7,47.0,1,6,145,3172351,180466263864.71844,155632,8853473520.992432,0,0.0,0,0.0,0,0.0,0,0.0,1
us6000rg2a,5.4,159.5,0,3,0,0,0.0,0,0.0,0,0.0,0,0.0,0,0.0,0,0.0,0
us6000rg29,5.6,10.0,0,0,0,0,0.0,0,0.0,0,0.0,0,0.0,0,0.0,0,0.0,0
us6000rg02,5.5,72.2,0,4,0,0,0.0,0,0.0,0,0.0,0,0.0,0,0.0,0,0.0,0
us6000rfyw,5.6,67.8,0,4,0,0,0.0,0,0.0,0,0.0,0,0.0,0,0.0,0,0.0,0
us6000rfye,6.3,10.0,0,4,0,242,11726086.15983216,0,0.0,0,0.0,0,0.0,0,0.0,0,0.0,0
us6000rfx2,5.9,63.4,0,4,0,0,0.0,0,0.0,0,0.0,0,0.0,0,0.0,0,0.0,0
us6000rfwz,7.4,59.4,1,7,759883,7401295,421039177698.37616,4685728,266558090717.6726,392480,22327100387.575237,0,0.0,0,0.0,0,0.0,1
us6000rftu,5.4,10.0,0,0,0,0,0.0,0,0.0,0,0.0,0,0.0,0,0.0,0,0.0,0
us6000rft9,6.1,63.7,0,4,7,32,8909029.640911693,0,0.0,0,0.0,0,0.0,0,0.0,0,0.0,1
us6000rfs1,5.5,10.0,0,6,3960670,7692,571853335.9859205,3069,228161451.91637936,60,4460634.446068022,0,0.0,0,0.0,0,0.0,1
us6000rfjc,5.4,10.0,0,0,0,0,0.0,0,0.0,0,0.0,0,0.0,0,0.0,0,0.0,0
us6000rfhk,5.7,35.0,0,5,0,3562,239545443.94730717,0,0.0,0,0.0,0,0.0,0,0.0,0,0.0,0
us6000rfbw,5.1,10.0,0,6,9985,265761,2752870340.271751,44456,424331370.0579576,0,0.0,0,0.0,0,0.0,0,0.0,1
us6000rfb2,6.6,103.9,1,6,9,492404,23859387311.760315,3319,160821818.0350535,0,0.0,0,0.0,0,0.0,0,0.0,1
us6000rf2j,5.6,570.4,0,0,0,0,0.0,0,0.0,0,0.0,0,0.0,0,0.0,0,0.0,0
us6000resn,5.9,54.2,0,4,0,0,0.0,0,0.0,0,0.0,0,0.0,0,0.0,0,0.0,0
us6000rerp,5.5,10.0,0,0,0,0,0.0,0,0.0,0,0.0,0,0.0,0,0.0,0,0.0,0
us6000rei1,6.1,19.0,0,3,0,0,0.0,0,0.0,0,0.0,0,0.0,0,0.0,0,0.0,0
us6000recz,5.7,559.2,0,2,0,0,0.0,0,0.0,0,0.0,0,0.0,0,0.0,0,0.0,0
us6000re62,5.4,25.0,0,4,0,73,16902586.94748945,0,0.0,0,0.0,0,0.0,0,0.0,0,0.0,0
us6000rdz7,5.6,151.4,0,3,0,0,0.0,0,0.0,0,0.0,0,0.0,0,0.0,0,0.0,0
us6000rdta,6.0,24.6,0,6,1502,1324983,79822961463.06245,218678,13174150586.701542,0,0.0,0,0.0,0,0.0,0,0.0,1
us6000rdrz,6.9,10.0,1,9,292254060,11091376,630957667622.1532,2628434,149524331889.81842,472275,26866416978.04244,318918,18142361907.37036,54289,3088350878.8755407,0,0.0,1
us6000rdnq,5.5,42.0,0,4,0,0,0.0,0,0.0,0,0.0,0,0.0,0,0.0,0,0.0,0
us6000rdf2,5.2,10.0,0,7,327030,29858,3746261741.7978396,8657,1086187551.0330193,1966,246672603.1339859,0,0.0,0,0.0,0,0.0,1
us6000rdex,5.5,573.6,0,0,0,0,0.0,0,0.0,0,0.0,0,0.0,0,0.0,0,0.0,0
us6000rdan,5.5,67.8,0,4,0,0,0.0,0,0.0,0,0.0,0,0.0,0,0.0,0,0.0,0
us6000rd1w,5.9,10.0,1,0,0,0,0.0,0,0.0,0,0.0,0,0.0,0,0.0,0,0.0,0
us6000rcyv,5.4,49.9,0,4,0,0,0.0,0,0.0,0,0.0,0,0.0,0,0.0,0,0.0,0
us6000rcsb,5.7,10.0,0,3,0,0,0.0,0,0.0,0,0.0,0,0.0,0,0.0,0,0.0,0
us6000rcrj,5.8,10.0,0,7,5788731,239185,28765523364.129547,106077,12757323502.296423,3361,404209812.60045326,1,120264.74638513931,0,0.0,0,0.0,1
us6000rcqw,6.3,14.0,1,7,55224481,1305871,157050244626.70825,249978,30063540771.864353,36167,4349615082.511333,44,5291648.84094613,0,0.0,0,0.0,1
us6000rcnw,6.2,7.8,1,7,41024467,753294,90594711863.44713,202741,24382594946.86953,25094,3017923545.788686,145,17438388.225845203,0,0.0,0,0.0,1
us6000rcdc,5.6,12.0,0,4,0,0,0.0,0,0.0,0,0.0,0,0.0,0,0.0,0,0.0,0
us6000rc9h,5.5,54.1,0,0,0,0,0.0,0,0.0,0,0.0,0,0.0,0,0.0,0,0.0,0
us6000rc4t,5.6,17.0,0,3,0,0,0.0,0,0.0,0,0.0,0,0.0,0,0.0,0,0.0,0
us6000rc2r,5.5,17.0,0,3,0,0,0.0,0,0.0,0,0.0,0,0.0,0,0.0,0,0.0,0
us7000qxtz,5.4,10.0,0,3,0,0,0.0,0,0.0,0,0.0,0,0.0,0,0.0,0,0.0,0
us7000qxp1,5.5,30.0,1,0,0,0,0.0,0,0.0,0,0.0,0,0.0,0,0.0,0,0.0,0
us7000qxm7,5.7,10.0,0,3,0,0,0.0,0,0.0,0,0.0,0,0.0,0,0.0,0,0.0,0
us7000qxcr,5.9,13.0,0,3,0,0,0.0,0,0.0,0,0.0,0,0.0,0,0.0,0,0.0,0
us6000rge8,6.0,58.3,0,4,0,2,556814.3525569808,0,0.0,0,0.0,0,0.0,0,0.0,0,0.0,0
us7000qxcd,5.9,84.5,0,4,0,0,0.0,0,0.0,0,0.0,0,0.0,0,0.0,0,0.0,0
us7000qxat,5.5,10.0,0,3,0,0,0.0,0,0.0,0,0.0,0,0.0,0,0.0,0,0.0,0
us7000qx91,5.4,10.0,0,0,0,0,0.0,0,0.0,0,0.0,0,0.0,0,0.0,0,0.0,0
us7000qx7a,5.5,96.3,0,5,0,317328,73474850833.8758,0,0.0,0,0.0,0,0.0,0,0.0,0,0.0,0
us7000qx5t,5.4,10.0,0,3,0,0,0.0,0,0.0,0,0.0,0,0.0,0,0.0,0,0.0,0
us7000qx5p,5.4,10.0,0,3,0,0,0.0,0,0.0,0,0.0,0,0.0,0,0.0,0,0.0,0
us7000qx52,5.4,45.5,0,3,0,0,0.0,0,0.0,0,0.0,0,0.0,0,0.0,0,0.0,0
us7000qx4q,5.7,30.4,0,3,0,0,0.0,0,0.0,0,0.0,0,0.0,0,0.0,0,0.0,0
us7000qx4p,5.6,10.0,0,3,0,0,0.0,0,0.0,0,0.0,0,0.0,0,0.0,0,0.0,0
us7000qx3d,5.5,35.7,0,3,0,0,0.0,0,0.0,0,0.0,0,0.0,0,0.0,0,0.0,0
us7000qx33,5.6,10.0,0,3,0,0,0.0,0,0.0,0,0.0,0,0.0,0,0.0,0,0.0,0
us7000qx2y,5.4,35.0,0,4,0,0,0.0,0,0.0,0,0.0,0,0.0,0,0.0,0,0.0,0
us7000qx2s,5.5,10.0,0,3,0,0,0.0,0,0.0,0,0.0,0,0.0,0,0.0,0,0.0,0
us7000qx2r,5.4,32.4,0,3,0,0,0.0,0,0.0,0,0.0,0,0.0,0,0.0,0,0.0,0
us7000qx2q,5.8,10.0,0,3,0,0,0.0,0,0.0,0,0.0,0,0.0,0,0.0,0,0.0,0
us7000qx2n,5.4,10.0,0,0,0,0,0.0,0,0.0,0,0.0,0,0.0,0,0.0,0,0.0,0
us7000qx2g,7.8,19.5,1,7,111975069,14003,3898535689.4277015,260106,72415376993.09303,1003,279242397.80732584,55,15312394.695316972,0,0.0,0,0.0,1
us7000qx1z,6.1,28.0,0,7,65227,43720,2633890302.868105,128945,7768229302.45489,8967,540212587.9647368,0,0.0,0,0.0,0,0.0,1
us7000qwst,5.4,66.7,0,4,0,0,0.0,0,0.0,0,0.0,0,0.0,0,0.0,0,0.0,0
us7000qwir,6.0,63.3,0,4,0,0,0.0,0,0.0,0,0.0,0,0.0,0,0.0,0,0.0,0
us7000qwch,6.0,15.0,0,3,0,0,0.0,0,0.0,0,0.0,0,0.0,0,0.0,0,0.0,0
us7000qw56,5.5,29.0,0,7,283675539,8628639,207436960178.93112,2143865,51536969685.38944,359733,8647721948.576674,0,0.0,0,0.0,0,0.0,1
us7000qw4k,5.4,46.8,0,4,0,0,0.0,0,0.0,0,0.0,0,0.0,0,0.0,0,0.0,0
us7000qvx7,5.4,54.8,0,0,0,0,0.0,0,0.0,0,0.0,0,0.0,0,0.0,0,0.0,0
us7000qvw5,7.4,39.5,1,5,110555,35578,9905170517.636131,298,82965338.53099014,0,0.0,0,0.0,0,0.0,0,0.0,1
us7000qvrf,5.6,10.0,0,0,0,0,0.0,0,0.0,0,0.0,0,0.0,0,0.0,0,0.0,0
us7000qv0n,5.3,10.0,0,0,0,0,0.0,0,0.0,0,0.0,0,0.0,0,0.0,0,0.0,0
us7000quwy,5.7,10.0,1,3,0,0,0.0,0,0.0,0,0.0,0,0.0,0,0.0,0,0.0,0
us7000quvp,6.4,10.0,1,0,0,0,0.0,0,0.0,0,0.0,0,0.0,0,0.0,0,0.0,0
us7000qug7,5.4,30.0,1,2,0,0,0.0,0,0.0,0,0.0,0,0.0,0,0.0,0,0.0,0
us7000qufv,5.0,43.9,0,3,0,0,0.0,0,0.0,0,0.0,0,0.0,0,0.0,0,0.0,0
us7000qu91,5.4,10.0,0,5,0,57890,9577571528.22163,0,0.0,0,0.0,0,0.0,0,0.0,0,0.0,0
us7000qtst,5.6,16.5,0,8,37415863,2071979,27387001792.974083,791384,7559479860.6483345,265142,2530773531.5796967,20466,195347440.60658088,0,0.0,0,0.0,1
us7000qtpj,5.9,176.5,0,3,0,0,0.0,0,0.0,0,0.0,0,0.0,0,0.0,0,0.0,0
us7000qtm0,5.9,18.0,1,2,0,0,0.0,0,0.0,0,0.0,0,0.0,0,0.0,0,0.0,0
ak025b7povrc,5.6,10.0,1,3,0,0,0.0,0,0.0,0,0.0,0,0.0,0,0.0,0,0.0,0
us7000qsvj,6.0,8.0,0,9,403792873,11672454,219324203411.09384,1162842,14646608477.993105,949638,9066954846.899117,213501,2037861522.3759224,23920,228315781.26206464,0,0.0,1
us7000qsu5,5.6,66.7,0,0,0,0,0.0,0,0.0,0,0.0,0,0.0,0,0.0,0,0.0,0
us7000qsly,5.5,84.5,0,4,0,0,0.0,0,0.0,0,0.0,0,0.0,0,0.0,0,0.0,0
us7000qrw3,5.5,50.4,0,4,0,0,0.0,0,0.0,0,0.0,0,0.0,0,0.0,0,0.0,0
us7000qru7,5.1,82.7,1,0,0,0,0.0,0,0.0,0,0.0,0,0.0,0,0.0,0,0.0,0
us7000qrj0,5.9,130.0,1,0,0,0,0.0,0,0.0,0,0.0,0,0.0,0,0.0,0,0.0,0
us7000qr8h,6.0,53.4,0,4,0,0,0.0,0,0.0,0,0.0,0,0.0,0,0.0,0,0.0,0
us7000qr6h,5.4,66.3,0,6,7438346,143401,39923867485.5118,10310,2870377987.4312363,229,63755243.3677743,0,0.0,0,0.0,0,0.0,1
us7000qqxt,5.6,614.1,0,1,0,0,0.0,0,0.0,0,0.0,0,0.0,0,0.0,0,0.0,0
us7000qqx7,5.6,31.0,0,3,0,0,0.0,0,0.0,0,0.0,0,0.0,0,0.0,0,0.0,0
us6000r3l7,6.1,9.0,0,0,0,0,0.0,0,0.0,0,0.0,0,0.0,0,0.0,0,0.0,0
us6000r3g6,5.4,352.4,0,2,0,0,0.0,0,0.0,0,0.0,0,0.0,0,0.0,0,0.0,0
us6000r3f5,5.4,10.0,0,3,0,0,0.0,0,0.0,0,0.0,0,0.0,0,0.0,0,0.0,0
us6000r3dw,5.4,43.1,0,3,0,0,0.0,0,0.0,0,0.0,0,0.0,0,0.0,0,0.0,0
us6000r3bg,5.8,18.0,0,4,1,376,22651938.56080529,168,10121078.931423642,0,0.0,0,0.0,0,0.0,0,0.0,1
us6000r3at,6.0,17.0,0,5,353,19134,1399092390.3820367,0,0.0,0,0.0,0,0.0,0,0.0,0,0.0,1
us6000r39a,5.4,45.0,0,4,0,0,0.0,0,0.0,0,0.0,0,0.0,0,0.0,0,0.0,0
us6000r385,5.5,10.0,0,0,0,0,0.0,0,0.0,0,0.0,0,0.0,0,0.0,0,0.0,0
us6000r30q,5.4,226.9,0,3,0,0,0.0,0,0.0,0,0.0,0,0.0,0,0.0,0,0.0,0
us6000r2xq,7.5,10.0,1,0,0,0,0.0,0,0.0,0,0.0,0,0.0,0,0.0,0,0.0,0
us6000r2uz,5.7,40.0,0,4,0,0,0.0,0,0.0,0,0.0,0,0.0,0,0.0,0,0.0,0
us6000r2s3,5.8,10.0,0,3,0,0,0.0,0,0.0,0,0.0,0,0.0,0,0.0,0,0.0,0
us6000r22u,5.4,10.0,0,0,0,0,0.0,0,0.0,0,0.0,0,0.0,0,0.0,0,0.0,0
us6000r222,5.4,10.0,0,0,0,0,0.0,0,0.0,0,0.0,0,0.0,0,0.0,0,0.0,0
us6000r201,5.7,10.0,0,0,0,0,0.0,0,0.0,0,0.0,0,0.0,0,0.0,0,0.0,0
us6000r1yq,5.6,35.0,0,0,0,0,0.0,0,0.0,0,0.0,0,0.0,0,0.0,0,0.0,0
us6000r1uh,5.5,10.0,0,3,0,0,0.0,0,0.0,0,0.0,0,0.0,0,0.0,0,0.0,0
us6000r1ud,5.6,10.0,0,0,0,0,0.0,0,0.0,0,0.0,0,0.0,0,0.0,0,0.0,0
us6000r1qp,5.5,10.0,0,4,0,0,0.0,0,0.0,0,0.0,0,0.0,0,0.0,0,0.0,0
us6000r1p8,5.4,10.0,0,4,0,0,0.0,0,0.0,0,0.0,0,0.0,0,0.0,0,0.0,0
us6000r1n6,5.7,39.9,0,0,0,0,0.0,0,0.0,0,0.0,0,0.0,0,0.0,0,0.0,0
us6000r1n3,5.8,8.0,0,9,80836393,159021,9580143409.249517,44602,2687025967.2580786,42313,2549126266.817432,43939,2647083852.1894245,8679,522862166.9394392,0,0.0,1
us6000r1mt,5.5,30.0,0,5,0,391467,189720412494.19846,0,0.0,0,0.0,0,0.0,0,0.0,0,0.0,0
us6000r1l5,5.6,11.0,0,0,0,0,0.0,0,0.0,0,0.0,0,0.0,0,0.0,0,0.0,0
us6000r1vi,5.4,10.0,0,0,0,0,0.0,0,0.0,0,0.0,0,0.0,0,0.0,0,0.0,0
us6000r0yd,5.7,69.3,0,4,0,0,0.0,0,0.0,0,0.0,0,0.0,0,0.0,0,0.0,0
us6000r0y7,5.4,10.0,0,0,0,0,0.0,0,0.0,0,0.0,0,0.0,0,0.0,0,0.0,0
us6000r0sa,6.3,31.0,0,4,0,590,25513359.52628572,0,0.0,0,0.0,0,0.0,0,0.0,0,0.0,0
us6000r0l4,5.5,24.0,0,3,0,0,0.0,0,0.0,0,0.0,0,0.0,0,0.0,0,0.0,0
us6000r04e,5.4,516.9,0,1,0,0,0.0,0,0.0,0,0.0,0,0.0,0,0.0,0,0.0,0
us6000r03i,5.4,28.6,0,3,0,0,0.0,0,0.0,0,0.0,0,0.0,0,0.0,0,0.0,0
us6000r02g,5.4,35.0,0,4,0,0,0.0,0,0.0,0,0.0,0,0.0,0,0.0,0,0.0,0
us6000r01m,6.3,14.0,1,7,139164,15390,927163123.5393443,16427,989636688.1339058,9065,546116550.674734,140,8434232.442853035,0,0.0,0,0.0,1
us6000qzqn,5.8,9.0,0,4,0,0,0.0,0,0.0,0,0.0,0,0.0,0,0.0,0,0.0,0
us6000qznb,6.1,10.0,0,9,552850745,720035,90342272531.8309,276200,34654614946.90077,68498,8594394694.543118,40169,5039975480.818454,7862,986439473.977313,0,0.0,1
us6000qzkp,5.2,10.0,0,4,0,0,0.0,0,0.0,0,0.0,0,0.0,0,0.0,0,0.0,0
us6000qzki,5.9,16.0,0,4,0,0,0.0,0,0.0,0,0.0,0,0.0,0,0.0,0,0.0,0
us6000qzin,5.9,9.0,0,4,0,0,0.0,0,0.0,0,0.0,0,0.0,0,0.0,0,0.0,0
us6000qzh9,6.0,11.0,0,0,0,0,0.0,0,0.0,0,0.0,0,0.0,0,0.0,0,0.0,0
us6000qywk,5.9,19.0,0,6,33,18424,892733104.9948255,3458,167557049.34173396,6,290729.4089214586,0,0.0,0,0.0,0,0.0,1
us6000qyt7,5.5,113.5,0,4,0,0,0.0,0,0.0,0,0.0,0,0.0,0,0.0,0,0.0,0
us6000qyki,5.5,10.0,0,3,0,0,0.0,0,0.0,0,0.0,0,0.0,0,0.0,0,0.0,0
us6000qykf,5.8,16.0,0,3,0,0,0.0,0,0.0,0,0.0,0,0.0,0,0.0,0,0.0,0
us6000qy6g,5.6,92.2,0,4,0,0,0.0,0,0.0,0,0.0,0,0.0,0,0.0,0,0.0,0
us6000qxzw,6.2,10.0,0,0,0,0,0.0,0,0.0,0,0.0,0,0.0,0,0.0,0,0.0,0
us6000qxxc,5.6,9.0,0,3,0,0,0.0,0,0.0,0,0.0,0,0.0,0,0.0,0,0.0,0
us6000qxw9,5.5,10.0,0,0,0,0,0.0,0,0.0,0,0.0,0,0.0,0,0.0,0,0.0,0
us6000qxvr,5.6,9.6,0,3,0,0,0.0,0,0.0,0,0.0,0,0.0,0,0.0,0,0.0,0
us6000qxt4,6.8,30.0,1,5,9707,4758,1324661344.7330573,25,6960179.406962261,0,0.0,0,0.0,0,0.0,0,0.0,1
us6000qxsv,6.4,10.0,0,0,0,0,0.0,0,0.0,0,0.0,0,0.0,0,0.0,0,0.0,0
us6000qxsd,5.8,10.0,0,0,0,0,0.0,0,0.0,0,0.0,0,0.0,0,0.0,0,0.0,0
us6000qxpd,5.8,66.8,0,4,0,0,0.0,0,0.0,0,0.0,0,0.0,0,0.0,0,0.0,0
us6000qxp3,5.4,46.7,0,3,0,0,0.0,0,0.0,0,0.0,0,0.0,0,0.0,0,0.0,0
us6000qxn6,6.0,45.6,0,4,0,0,0.0,0,0.0,0,0.0,0,0.0,0,0.0,0,0.0,0
us6000qxme,5.4,28.4,0,3,0,0,0.0,0,0.0,0,0.0,0,0.0,0,0.0,0,0.0,0
us6000qxja,5.5,10.0,0,4,0,0,0.0,0,0.0,0,0.0,0,0.0,0,0.0,0,0.0,0
us6000qxj2,5.4,10.0,0,3,0,0,0.0,0,0.0,0,0.0,0,0.0,0,0.0,0,0.0,0
us6000qxi9,5.6,79.3,0,4,0,0,0.0,0,0.0,0,0.0,0,0.0,0,0.0,0,0.0,0
us6000qxhm,5.4,88.5,0,4,0,0,0.0,0,0.0,0,0.0,0,0.0,0,0.0,0,0.0,0
us6000qxgb,5.5,10.0,0,3,0,0,0.0,0,0.0,0,0.0,0,0.0,0,0.0,0,0.0,0
us6000qxfn,6.1,10.0,0,3,0,0,0.0,0,0.0,0,0.0,0,0.0,0,0.0,0,0.0,0
us6000qxae,5.6,75.2,0,3,0,0,0.0,0,0.0,0,0.0,0,0.0,0,0.0,0,0.0,0
us6000qx9t,5.4,10.0,0,3,0,0,0.0,0,0.0,0,0.0,0,0.0,0,0.0,0,0.0,0
us6000qx9r,5.9,19.0,0,3,0,0,0.0,0,0.0,0,0.0,0,0.0,0,0.0,0,0.0,0
us6000qx98,5.5,14.4,0,3,0,0,0.0,0,0.0,0,0.0,0,0.0,0,0.0,0,0.0,0
us6000qx8k,5.7,28.0,0,4,0,0,0.0,0,0.0,0,0.0,0,0.0,0,0.0,0,0.0,0
us6000qx6a,5.4,10.0,0,3,0,0,0.0,0,0.0,0,0.0,0,0.0,0,0.0,0,0.0,0
us6000qx2r,5.7,14.0,0,3,0,0,0.0,0,0.0,0,0.0,0,0.0,0,0.0,0,0.0,0
us6000qwy7,5.4,10.0,0,3,0,0,0.0,0,0.0,0,0.0,0,0.0,0,0.0,0,0.0,0
us6000qwxr,5.4,10.0,0,3,0,0,0.0,0,0.0,0,0.0,0,0.0,0,0.0,0,0.0,0
us6000qwvb,5.5,37.0,0,3,0,0,0.0,0,0.0,0,0.0,0,0.0,0,0.0,0,0.0,0
us6000qwuv,5.4,37.0,0,3,0,0,0.0,0,0.0,0,0.0,0,0.0,0,0.0,0,0.0,0
us6000qwuh,6.2,12.0,0,3,0,0,0.0,0,0.0,0,0.0,0,0.0,0,0.0,0,0.0,0
us6000qwrs,5.8,10.0,0,3,0,0,0.0,0,0.0,0,0.0,0,0.0,0,0.0,0,0.0,0
us6000qwr5,5.7,38.7,0,3,0,0,0.0,0,0.0,0,0.0,0,0.0,0,0.0,0,0.0,0
us6000qwqx,5.4,10.0,0,3,0,0,0.0,0,0.0,0,0.0,0,0.0,0,0.0,0,0.0,0
us6000qwqs,5.4,10.0,0,3,0,0,0.0,0,0.0,0,0.0,0,0.0,0,0.0,0,0.0,0
us6000qwqm,5.6,10.0,0,3,0,0,0.0,0,0.0,0,0.0,0,0.0,0,0.0,0,0.0,0
us6000qwle,5.6,10.0,0,3,0,0,0.0,0,0.0,0,0.0,0,0.0,0,0.0,0,0.0,0
us6000qwlc,5.7,10.0,0,0,0,0,0.0,0,0.0,0,0.0,0,0.0,0,0.0,0,0.0,0
us6000qwk1,5.7,10.0,0,3,0,0,0.0,0,0.0,0,0.0,0,0.0,0,0.0,0,0.0,0
us6000qwiq,5.9,23.3,0,3,0,0,0.0,0,0.0,0,0.0,0,0.0,0,0.0,0,0.0,0
us6000r1cz,5.4,35.0,0,3,0,0,0.0,0,0.0,0,0.0,0,0.0,0,0.0,0,0.0,0
us6000qwfe,6.1,10.4,0,3,0,0,0.0,0,0.0,0,0.0,0,0.0,0,0.0,0,0.0,0
us6000qwex,5.5,126.3,0,0,0,0,0.0,0,0.0,0,0.0,0,0.0,0,0.0,0,0.0,0
us6000qwd7,5.6,10.0,0,0,0,0,0.0,0,0.0,0,0.0,0,0.0,0,0.0,0,0.0,0
us6000qwbi,5.4,10.0,0,3,0,0,0.0,0,0.0,0,0.0,0,0.0,0,0.0,0,0.0,0
us6000qwbb,5.4,10.0,0,3,0,0,0.0,0,0.0,0,0.0,0,0.0,0,0.0,0,0.0,0
us6000qwb4,5.6,35.0,0,3,0,0,0.0,0,0.0,0,0.0,0,0.0,0,0.0,0,0.0,0
us6000qwah,5.6,35.0,0,3,0,0,0.0,0,0.0,0,0.0,0,0.0,0,0.0,0,0.0,0
us6000qw9z,5.4,10.0,0,3,0,0,0.0,0,0.0,0,0.0,0,0.0,0,0.0,0,0.0,0
us6000qw94,5.5,35.0,0,3,0,0,0.0,0,0.0,0,0.0,0,0.0,0,0.0,0,0.0,0
us6000qw8v,5.4,10.0,0,3,0,0,0.0,0,0.0,0,0.0,0,0.0,0,0.0,0,0.0,0
us6000qw92,5.4,10.0,0,3,0,0,0.0,0,0.0,0,0.0,0,0.0,0,0.0,0,0.0,0
us6000r1gk,5.5,24.9,0,3,0,0,0.0,0,0.0,0,0.0,0,0.0,0,0.0,0,0.0,0
us6000qw8r,5.5,35.0,0,3,0,0,0.0,0,0.0,0,0.0,0,0.0,0,0.0,0,0.0,0
us6000qw8p,5.4,13.2,0,3,0,0,0.0,0,0.0,0,0.0,0,0.0,0,0.0,0,0.0,0
us6000qw87,5.9,37.5,0,4,0,0,0.0,0,0.0,0,0.0,0,0.0,0,0.0,0,0.0,0
us6000qw86,5.7,10.0,0,0,0,0,0.0,0,0.0,0,0.0,0,0.0,0,0.0,0,0.0,0
us6000qw7l,5.4,10.0,0,3,0,0,0.0,0,0.0,0,0.0,0,0.0,0,0.0,0,0.0,0
us6000qw7h,5.5,35.0,0,3,0,0,0.0,0,0.0,0,0.0,0,0.0,0,0.0,0,0.0,0
us6000qw7g,5.4,10.0,0,3,0,0,0.0,0,0.0,0,0.0,0,0.0,0,0.0,0,0.0,0
us6000qw7f,5.6,35.0,0,3,0,0,0.0,0,0.0,0,0.0,0,0.0,0,0.0,0,0.0,0
us6000qw7d,5.4,10.0,0,3,0,0,0.0,0,0.0,0,0.0,0,0.0,0,0.0,0,0.0,0
us6000qw7b,5.4,10.0,0,3,0,0,0.0,0,0.0,0,0.0,0,0.0,0,0.0,0,0.0,0
us6000qw75,5.7,35.0,0,3,0,0,0.0,0,0.0,0,0.0,0,0.0,0,0.0,0,0.0,0
us6000qw74,5.7,10.0,0,3,0,0,0.0,0,0.0,0,0.0,0,0.0,0,0.0,0,0.0,0
us6000qw73,5.5,29.4,0,3,0,0,0.0,0,0.0,0,0.0,0,0.0,0,0.0,0,0.0,0
us6000qw6z,5.7,35.0,0,3,0,0,0.0,0,0.0,0,0.0,0,0.0,0,0.0,0,0.0,0
us6000qw6y,5.4,10.0,0,3,0,0,0.0,0,0.0,0,0.0,0,0.0,0,0.0,0,0.0,0
us6000r1d7,5.4,35.0,0,3,0,0,0.0,0,0.0,0,0.0,0,0.0,0,0.0,0,0.0,0
us6000qw6s,6.2,35.0,0,4,0,0,0.0,0,0.0,0,0.0,0,0.0,0,0.0,0,0.0,0
us6000r1em,5.8,25.7,0,3,0,0,0.0,0,0.0,0,0.0,0,0.0,0,0.0,0,0.0,0
us6000qw6q,6.9,20.8,0,6,11202158,205104,57102425483.4235,32619,9081363683.02808,0,0.0,0,0.0,0,0.0,0,0.0,1
us6000r0pw,5.7,10.0,0,3,0,0,0.0,0,0.0,0,0.0,0,0.0,0,0.0,0,0.0,0
us6000qw6m,5.4,35.0,0,3,0,0,0.0,0,0.0,0,0.0,0,0.0,0,0.0,0,0.0,0
us6000qw6g,5.6,10.0,0,3,0,0,0.0,0,0.0,0,0.0,0,0.0,0,0.0,0,0.0,0
us6000qwi3,5.7,35.0,0,3,0,0,0.0,0,0.0,0,0.0,0,0.0,0,0.0,0,0.0,0
us6000r0qb,5.4,10.0,0,3,0,0,0.0,0,0.0,0,0.0,0,0.0,0,0.0,0,0.0,0
us6000r0pv,5.4,39.5,0,3,0,0,0.0,0,0.0,0,0.0,0,0.0,0,0.0,0,0.0,0
us6000qwhh,5.7,10.0,0,3,0,0,0.0,0,0.0,0,0.0,0,0.0,0,0.0,0,0.0,0
us6000r0qg,5.8,10.0,0,3,0,0,0.0,0,0.0,0,0.0,0,0.0,0,0.0,0,0.0,0
us6000r0ql,5.7,35.0,0,4,0,0,0.0,0,0.0,0,0.0,0,0.0,0,0.0,0,0.0,0
us6000qwhj,6.0,35.0,0,3,0,0,0.0,0,0.0,0,0.0,0,0.0,0,0.0,0,0.0,0
us6000r0qc,5.9,77.8,0,4,0,0,0.0,0,0.0,0,0.0,0,0.0,0,0.0,0,0.0,0
us6000r0q2,5.9,35.0,0,4,0,0,0.0,0,0.0,0,0.0,0,0.0,0,0.0,0,0.0,0
us6000r0xt,5.9,42.7,0,4,0,0,0.0,0,0.0,0,0.0,0,0.0,0,0.0,0,0.0,0
us6000r0xw,6.1,24.7,0,4,8,36,10022658.346025655,0,0.0,0,0.0,0,0.0,0,0.0,0,0.0,1
us6000r0y5,6.2,14.8,0,4,0,0,0.0,0,0.0,0,0.0,0,0.0,0,0.0,0,0.0,0
us6000qw60,8.8,35.0,1,9,10238972670,13519,3763786616.108912,5957,1658471549.0909674,214211,59637879637.79171,56344,15686573940.235264,1802,501689731.65383977,0,0.0,1
us6000qw5x,5.4,10.0,0,6,336840,316747,22073489630.66043,35287,2436667655.452742,0,0.0,0,0.0,0,0.0,0,0.0,1
us6000qw59,5.7,10.0,0,7,3035854,694651,49232088355.68997,240684,16857093594.098793,3996,282729584.5938916,0,0.0,0,0.0,0,0.0,1
us6000qw58,5.6,11.9,0,6,1022184,778537,54439850796.157135,124751,8768184401.962746,0,0.0,0,0.0,0,0.0,0,0.0,1
us6000qw1a,6.6,553.0,1,0,0,0,0.0,0,0.0,0,0.0,0,0.0,0,0.0,0,0.0,0
us6000qw18,5.8,550.0,0,0,0,0,0.0,0,0.0,0,0.0,0,0.0,0,0.0,0,0.0,0
us6000qvup,5.4,35.0,0,0,0,0,0.0,0,0.0,0,0.0,0,0.0,0,0.0,0,0.0,0
us6000qvsl,5.4,35.0,0,0,0,0,0.0,0,0.0,0,0.0,0,0.0,0,0.0,0,0.0,0
us6000qvvp,5.8,10.0,0,0,0,0,0.0,0,0.0,0,0.0,0,0.0,0,0.0,0,0.0,0
us6000qvsf,7.0,31.0,1,0,0,0,0.0,0,0.0,0,0.0,0,0.0,0,0.0,0,0.0,0
us6000qvpp,6.4,21.0,0,4,0,0,0.0,0,0.0,0,0.0,0,0.0,0,0.0,0,0.0,0
us6000qvj2,5.3,83.0,1,4,0,0,0.0,0,0.0,0,0.0,0,0.0,0,0.0,0,0.0,0
us6000qvbw,6.2,17.0,1,0,0,0,0.0,0,0.0,0,0.0,0,0.0,0,0.0,0,0.0,0
us6000qv9l,5.7,10.0,0,5,0,1081,65124323.362315215,0,0.0,0,0.0,0,0.0,0,0.0,0,0.0,0
us6000qv9g,5.4,91.0,1,0,0,0,0.0,0,0.0,0,0.0,0,0.0,0,0.0,0,0.0,0
us6000qv7n,5.8,84.6,0,4,0,0,0.0,0,0.0,0,0.0,0,0.0,0,0.0,0,0.0,0
us6000qv3y,5.7,10.0,0,0,0,0,0.0,0,0.0,0,0.0,0,0.0,0,0.0,0,0.0,0
us6000qv1b,6.2,10.0,0,0,0,0,0.0,0,0.0,0,0.0,0,0.0,0,0.0,0,0.0,0
us6000quyn,5.5,10.0,0,0,0,0,0.0,0,0.0,0,0.0,0,0.0,0,0.0,0,0.0,0
us6000quy1,6.6,314.2,1,3,0,0,0.0,0,0.0,0,0.0,0,0.0,0,0.0,0,0.0,0
us6000quxr,5.8,10.0,0,3,0,0,0.0,0,0.0,0,0.0,0,0.0,0,0.0,0,0.0,0
us6000quxn,6.0,10.0,0,3,0,0,0.0,0,0.0,0,0.0,0,0.0,0,0.0,0,0.0,0
us6000quqk,5.4,144.0,0,0,0,0,0.0,0,0.0,0,0.0,0,0.0,0,0.0,0,0.0,0
us6000qun0,5.7,108.0,0,4,0,0,0.0,0,0.0,0,0.0,0,0.0,0,0.0,0,0.0,0
us6000qulk,5.6,35.0,0,6,41,108702,6548699535.735789,6100,367491556.4385965,0,0.0,0,0.0,0,0.0,0,0.0,1
us6000qulb,5.5,10.0,0,7,13900,52673,3173259467.5885563,33705,2030541460.616868,1905,114765805.74025021,0,0.0,0,0.0,0,0.0,1
us6000qugg,6.3,142.0,0,4,0,0,0.0,0,0.0,0,0.0,0,0.0,0,0.0,0,0.0,0
us6000qubl,5.4,36.0,0,5,0,12100,728958661.132298,0,0.0,0,0.0,0,0.0,0,0.0,0,0.0,0
us6000quaf,5.6,532.7,0,0,0,0,0.0,0,0.0,0,0.0,0,0.0,0,0.0,0,0.0,0
us6000qu9h,5.4,10.0,0,3,0,0,0.0,0,0.0,0,0.0,0,0.0,0,0.0,0,0.0,0
us6000qu2u,5.5,10.0,0,0,0,0,0.0,0,0.0,0,0.0,0,0.0,0,0.0,0,0.0,0
us6000qu2r,6.0,12.3,0,4,0,0,0.0,0,0.0,0,0.0,0,0.0,0,0.0,0,0.0,0
us6000qu1q,5.1,10.0,0,3,0,0,0.0,0,0.0,0,0.0,0,0.0,0,0.0,0,0.0,0
us6000qtxh,5.8,94.0,0,4,0,0,0.0,0,0.0,0,0.0,0,0.0,0,0.0,0,0.0,0
us7000qe51,6.2,40.0,1,4,0,0,0.0,0,0.0,0,0.0,0,0.0,0,0.0,0,0.0,0
us7000qdz8,5.9,10.0,0,3,0,0,0.0,0,0.0,0,0.0,0,0.0,0,0.0,0,0.0,0
us7000qdz2,6.6,22.1,0,4,3,14,3897700.467898866,0,0.0,0,0.0,0,0.0,0,0.0,0,0.0,1
us7000qdz0,5.7,10.0,0,3,0,0,0.0,0,0.0,0,0.0,0,0.0,0,0.0,0,0.0,0
us7000qdzf,5.6,10.0,0,3,0,0,0.0,0,0.0,0,0.0,0,0.0,0,0.0,0,0.0,0
us7000qdyw,6.6,10.0,0,4,1,6,1670443.0576709425,0,0.0,0,0.0,0,0.0,0,0.0,0,0.0,1
us6000qxca,5.6,10.0,0,3,0,0,0.0,0,0.0,0,0.0,0,0.0,0,0.0,0,0.0,0
us7000qdyl,7.4,34.0,1,7,3364212631,15485,4311135124.672424,51123,14233010072.885265,197603,55014093254.15854,0,0.0,0,0.0,0,0.0,1
us7000qdye,6.6,23.0,1,4,33,136,37863375.973874696,0,0.0,0,0.0,0,0.0,0,0.0,0,0.0,1
us7000qdxz,5.5,45.9,0,4,0,0,0.0,0,0.0,0,0.0,0,0.0,0,0.0,0,0.0,0
us7000qdwb,5.4,10.0,0,6,21173,246824,20977020875.498383,105930,9002754275.684471,0,0.0,0,0.0,0,0.0,0,0.0,1
us7000qduj,5.4,10.0,0,3,0,0,0.0,0,0.0,0,0.0,0,0.0,0,0.0,0,0.0,0
us7000qdue,5.6,10.0,0,0,0,0,0.0,0,0.0,0,0.0,0,0.0,0,0.0,0,0.0,0
us7000qdu5,5.4,10.0,0,0,0,0,0.0,0,0.0,0,0.0,0,0.0,0,0.0,0,0.0,0
us7000qddu,5.4,10.0,0,7,1202702,393488,7371173879.628489,100358,1879997022.0483367,4469,83717358.7709402,0,0.0,0,0.0,0,0.0,1
us7000qd6b,5.6,10.0,0,4,0,0,0.0,0,0.0,0,0.0,0,0.0,0,0.0,0,0.0,0
us7000qd4n,5.6,35.0,1,3,0,0,0.0,0,0.0,0,0.0,0,0.0,0,0.0,0,0.0,0
us7000qd56,5.4,43.9,0,3,0,0,0.0,0,0.0,0,0.0,0,0.0,0,0.0,0,0.0,0
us7000qd1y,7.3,38.0,1,6,1109,1476,1163834478.741471,1012,797967813.3376482,0,0.0,0,0.0,0,0.0,0,0.0,1
us7000qd00,5.4,69.0,1,0,0,0,0.0,0,0.0,0,0.0,0,0.0,0,0.0,0,0.0,0
us7000qctd,5.8,8.0,0,0,0,0,0.0,0,0.0,0,0.0,0,0.0,0,0.0,0,0.0,0
us7000qcrv,5.7,44.7,0,0,0,0,0.0,0,0.0,0,0.0,0,0.0,0,0.0,0,0.0,0
us7000qcqe,5.4,50.0,0,5,0,1032769,58751368579.738304,0,0.0,0,0.0,0,0.0,0,0.0,0,0.0,0
us7000qcp2,5.8,74.0,0,0,0,0,0.0,0,0.0,0,0.0,0,0.0,0,0.0,0,0.0,0
us7000qclp,6.2,10.0,1,4,0,0,0.0,0,0.0,0,0.0,0,0.0,0,0.0,0,0.0,0
us7000qcik,6.7,70.5,1,5,0,23128,1393335199.5593214,93,5602740.122752372,0,0.0,0,0.0,0,0.0,0,0.0,0
us7000qcet,5.2,29.2,0,3,0,0,0.0,0,0.0,0,0.0,0,0.0,0,0.0,0,0.0,0
us7000qbgp,5.4,71.7,0,4,0,0,0.0,0,0.0,0,0.0,0,0.0,0,0.0,0,0.0,0
us7000qbfv,5.7,10.0,0,7,33083120,3019302,220773620385.97592,1203258,87983124880.64746,135480,9906398925.941168,0,0.0,0,0.0,0,0.0,1
us7000qb4s,6.2,22.0,0,3,0,0,0.0,0,0.0,0,0.0,0,0.0,0,0.0,0,0.0,0
us7000qb20,5.5,10.0,0,4,0,0,0.0,0,0.0,0,0.0,0,0.0,0,0.0,0,0.0,0
us7000qazs,5.4,10.0,0,5,50,3657,455380271.0653747,11,1369751.9775004433,0,0.0,0,0.0,0,0.0,0,0.0,1
us7000qayf,5.4,10.0,0,3,0,59,28593736.731723767,0,0.0,0,0.0,0,0.0,0,0.0,0,0.0,0
us7000qavc,5.5,10.0,0,4,0,35,2108558.110713259,0,0.0,0,0.0,0,0.0,0,0.0,0,0.0,0
us7000qarl,5.4,10.0,0,3,0,0,0.0,0,0.0,0,0.0,0,0.0,0,0.0,0,0.0,0
us7000qamr,5.6,10.0,0,0,0,0,0.0,0,0.0,0,0.0,0,0.0,0,0.0,0,0.0,0
us7000qaeh,5.4,10.0,0,0,0,0,0.0,0,0.0,0,0.0,0,0.0,0,0.0,0,0.0,0
us7000qadp,5.4,10.0,0,3,0,3,1453918.8168673103,0,0.0,0,0.0,0,0.0,0,0.0,0,0.0,0
us7000qad7,5.4,194.8,0,3,0,0,0.0,0,0.0,0,0.0,0,0.0,0,0.0,0,0.0,0
us7000qa5h,5.6,526.9,0,2,0,0,0.0,0,0.0,0,0.0,0,0.0,0,0.0,0,0.0,0
us7000qa5e,5.6,10.0,0,4,0,0,0.0,0,0.0,0,0.0,0,0.0,0,0.0,0,0.0,0
us7000qa4b,5.4,10.0,0,0,0,0,0.0,0,0.0,0,0.0,0,0.0,0,0.0,0,0.0,0
us7000qa3y,5.5,10.0,0,4,0,0,0.0,0,0.0,0,0.0,0,0.0,0,0.0,0,0.0,0
